name,temperature,feels_like,humidity,wind,wind_gust,dew_point,wind_direction,pressure_relative,pressure_absolute,uvi,created_at
"Monte hermoson 2",15,15,73,3.5,2.2,15,NE,1010.4,1016.5,1,"2023-09-14 16:07:52"
"Monte hermoson 2",14.7,14.7,74,1.1,1.1,14.7,E,1010.4,1016.1,2,"2023-09-14 16:13:43"
Ciupac,14.4,14.4,69,6.1,5.8,14.4,N,1011.1,1014.4,1,"2023-09-14 16:13:44"
"Monte hermoson 2",15.7,15.7,82,7.9,8.1,15.7,ENE,1013.4,1019.2,0,"2023-10-20 19:57:54"
"STE - Ciupac",15.9,15.9,82,13,13.6,15.9,SE,1008.7,1018.8,0,"2023-10-20 19:57:55"
"SCLE - Ciupac",15.7,15.7,82,7.9,8.1,15.7,ENE,1013.4,1019.2,0,"2023-10-20 19:57:56"
"MDA - Ciupac",15.6,15.6,80,4.7,4.5,15.6,ENE,1014.8,1018.2,0,"2023-10-20 19:57:57"
"CN - Ciupac",14.5,14.5,89,5.5,4.5,14.5,NE,1009.7,1019.2,0,"2023-10-20 19:57:58"
"BHI - Ciupac",22.4,22.4,42,3.2,2.2,22.4,SSE,1012.4,1011.4,0,"2023-10-20 19:57:59"
"GAVIOTAS - Ciupac",14.8,14.8,86,11.1,10.3,14.8,N,1013.1,1018.8,0,"2023-10-20 19:58:00"
"Monte hermoson 2",15.8,15.8,82,11.6,13.6,15.8,NE,1013.4,1019.2,0,"2023-10-20 20:29:36"
"STE - Ciupac",15.9,15.9,82,10.1,10.3,15.9,SE,1009,1019.2,0,"2023-10-20 20:29:37"
"SCLE - Ciupac",15.8,15.8,82,11.6,13.6,15.8,NE,1013.4,1019.2,0,"2023-10-20 20:29:38"
"MDA - Ciupac",15.6,15.6,81,4,3.4,15.6,NE,1015.5,1018.5,0,"2023-10-20 20:29:39"
"CN - Ciupac",14.4,14.4,90,3.5,3.4,14.4,N,1010,1019.5,0,"2023-10-20 20:29:40"
"BHI - Ciupac",22,22,44,7.2,6.9,22,SE,1012.4,1011.4,0,"2023-10-20 20:29:41"
"GAVIOTAS - Ciupac",14.7,14.7,87,10.5,8.1,14.7,NNE,1013.4,1019.2,0,"2023-10-20 20:29:42"
"Monte hermoson 2",15.8,15.8,82,5.5,6.9,15.8,ENE,1013.4,1019.2,0,"2023-10-20 20:31:02"
"STE - Ciupac",15.9,15.9,82,10.1,10.3,15.9,SE,1009,1019.2,0,"2023-10-20 20:31:03"
"SCLE - Ciupac",15.8,15.8,82,5.5,6.9,15.8,ENE,1013.4,1019.2,0,"2023-10-20 20:31:04"
"MDA - Ciupac",15.6,15.6,81,5,5.8,15.6,ENE,1015.1,1018.5,0,"2023-10-20 20:31:05"
"CN - Ciupac",14.4,14.4,90,2.6,3.4,14.4,ENE,1010,1019.5,0,"2023-10-20 20:31:06"
"BHI - Ciupac",22,22,44,6.1,5.8,22,NNE,1012.8,1012.1,0,"2023-10-20 20:31:07"
"GAVIOTAS - Ciupac",14.7,14.7,87,9.3,6.9,14.7,ENE,1013.4,1019.2,0,"2023-10-20 20:31:08"
"Monte hermoson 2",15.8,15.8,82,6.4,5.8,15.8,ENE,1013.1,1019.2,0,"2023-10-20 20:32:02"
"STE - Ciupac",15.9,15.9,82,10.1,10.3,15.9,SE,1009,1019.2,0,"2023-10-20 20:32:03"
"SCLE - Ciupac",15.8,15.8,82,6.4,5.8,15.8,ENE,1013.1,1019.2,0,"2023-10-20 20:32:04"
"MDA - Ciupac",15.6,15.6,81,6.1,4.5,15.6,ENE,1015.1,1018.5,0,"2023-10-20 20:32:05"
"CN - Ciupac",14.4,14.4,90,4.7,4.5,14.4,NE,1010.4,1019.9,0,"2023-10-20 20:32:06"
"BHI - Ciupac",22,22,44,10.8,10.3,22,NE,1012.4,1011.4,0,"2023-10-20 20:32:07"
"GAVIOTAS - Ciupac",14.7,14.7,87,7.9,9.2,14.7,ENE,1013.4,1019.2,0,"2023-10-20 20:32:08"
"Monte hermoson 2",15.8,15.8,82,5,6.9,15.8,E,1013.4,1019.5,0,"2023-10-20 20:33:02"
"STE - Ciupac",15.8,15.8,83,14.3,13.6,15.8,SSE,1009.4,1019.5,0,"2023-10-20 20:33:03"
"SCLE - Ciupac",15.8,15.8,82,5,6.9,15.8,E,1013.4,1019.5,0,"2023-10-20 20:33:04"
"MDA - Ciupac",15.6,15.6,81,6.9,6.9,15.6,NE,1015.5,1018.5,0,"2023-10-20 20:33:05"
"CN - Ciupac",14.3,14.3,90,2.1,2.2,14.3,E,1010.7,1020.2,0,"2023-10-20 20:33:06"
"BHI - Ciupac",21.9,21.9,44,6.4,5.8,21.9,ENE,1012.4,1011.7,0,"2023-10-20 20:33:07"
"GAVIOTAS - Ciupac",14.7,14.7,87,7.9,9.2,14.7,ENE,1013.4,1019.2,0,"2023-10-20 20:33:08"
"Monte hermoson 2",15.8,15.8,82,6.1,5.8,15.8,ENE,1013.4,1019.2,0,"2023-10-20 20:34:01"
"STE - Ciupac",15.8,15.8,83,14.3,13.6,15.8,SSE,1009.4,1019.5,0,"2023-10-20 20:34:02"
"SCLE - Ciupac",15.8,15.8,82,6.1,5.8,15.8,ENE,1013.4,1019.2,0,"2023-10-20 20:34:03"
"MDA - Ciupac",15.6,15.6,81,6.9,6.9,15.6,NE,1015.5,1018.5,0,"2023-10-20 20:34:04"
"Monte hermoson 2",15.8,15.8,83,9.7,9.2,15.8,NE,1013.1,1019.2,0,"2023-10-20 23:21:03"
"STE - Ciupac",15.7,15.7,83,9.3,8.1,15.7,E,1009,1019.2,0,"2023-10-20 23:21:04"
"SCLE - Ciupac",15.8,15.8,83,9.7,9.2,15.8,NE,1013.1,1019.2,0,"2023-10-20 23:21:05"
"MDA - Ciupac",15.4,15.4,83,5,5.8,15.4,NE,1015.5,1018.8,0,"2023-10-20 23:21:06"
"CN - Ciupac",14.2,14.2,90,2.9,3.4,14.2,NE,1010,1019.5,0,"2023-10-20 23:21:07"
"BHI - Ciupac",19.3,19.3,54,10.1,9.2,19.3,NNE,1011.7,1011.1,0,"2023-10-20 23:21:08"
"Monte hermoson 2",15.4,15.4,87,9,9.2,15.4,NE,1012.4,1018.2,0,"2023-10-21 02:29:04"
"STE - Ciupac",15.3,15.3,88,2.6,5.8,15.3,NNE,1008.4,1018.2,0,"2023-10-21 02:29:05"
"SCLE - Ciupac",15.4,15.4,87,9.3,8.1,15.4,ENE,1012.4,1018.2,0,"2023-10-21 02:29:06"
"MDA - Ciupac",15,15,87,5.8,5.8,15,E,1014.1,1017.5,0,"2023-10-21 02:29:07"
"CN - Ciupac",13.6,13.6,91,2.9,3.4,13.6,NNW,1008.7,1018.2,0,"2023-10-21 02:29:08"
"BHI - Ciupac",19.8,19.8,54,8.2,5.8,19.8,NE,1010.7,1010,0,"2023-10-21 02:29:09"
"GAVIOTAS - Ciupac",14.4,14.4,89,7.2,5.8,14.4,NE,1012.1,1017.8,0,"2023-10-21 02:29:10"
"Monte hermoson 2",15.4,15.4,87,9.3,8.1,15.4,ENE,1012.4,1018.2,0,"2023-10-21 02:30:01"
"STE - Ciupac",15.3,15.3,88,2.6,5.8,15.3,NNE,1008.4,1018.2,0,"2023-10-21 02:30:02"
"SCLE - Ciupac",15.4,15.4,87,9.3,8.1,15.4,ENE,1012.4,1018.2,0,"2023-10-21 02:30:03"
"MDA - Ciupac",15,15,87,7.9,6.9,15,NE,1013.8,1017.2,0,"2023-10-21 02:30:04"
"CN - Ciupac",13.6,13.6,91,2.6,2.2,13.6,NNW,1008.4,1017.8,0,"2023-10-21 02:30:05"
"BHI - Ciupac",19.8,19.8,55,9.7,9.2,19.8,NNE,1010.7,1009.7,0,"2023-10-21 02:30:06"
"GAVIOTAS - Ciupac",14.4,14.4,89,6.9,8.1,14.4,E,1012.1,1017.8,0,"2023-10-21 02:30:07"
"Monte hermoson 2",15.4,15.4,87,2.9,3.4,15.4,NE,1012.4,1018.2,0,"2023-10-21 02:31:02"
"STE - Ciupac",15.3,15.3,88,2.6,5.8,15.3,NNE,1008.4,1018.2,0,"2023-10-21 02:31:03"
"SCLE - Ciupac",15.4,15.4,87,2.9,3.4,15.4,NE,1012.4,1018.2,0,"2023-10-21 02:31:03"
"MDA - Ciupac",15,15,87,3.2,3.4,15,ENE,1013.8,1017.2,0,"2023-10-21 02:31:04"
"CN - Ciupac",13.6,13.6,91,2.9,2.2,13.6,W,1008.7,1018.2,0,"2023-10-21 02:31:05"
"BHI - Ciupac",19.8,19.8,55,11.6,9.2,19.8,NE,1011.1,1010,0,"2023-10-21 02:31:06"
"GAVIOTAS - Ciupac",14.4,14.4,89,12.2,9.2,14.4,NE,1012.1,1017.8,0,"2023-10-21 02:31:07"
"Monte hermoson 2",15.4,15.4,87,9,9.2,15.4,ENE,1012.4,1018.2,0,"2023-10-21 02:32:02"
"STE - Ciupac",15.3,15.3,88,2.6,5.8,15.3,NNE,1008.4,1018.2,0,"2023-10-21 02:32:03"
"SCLE - Ciupac",15.4,15.4,87,9,9.2,15.4,ENE,1012.4,1018.2,0,"2023-10-21 02:32:04"
"MDA - Ciupac",15,15,87,3.5,3.4,15,ENE,1014.1,1017.5,0,"2023-10-21 02:32:05"
"CN - Ciupac",13.6,13.6,91,2.9,2.2,13.6,W,1008.7,1018.2,0,"2023-10-21 02:32:06"
"BHI - Ciupac",19.8,19.8,55,11.1,10.3,19.8,ESE,1010.7,1010,0,"2023-10-21 02:32:07"
"GAVIOTAS - Ciupac",14.4,14.4,89,7.9,6.9,14.4,ENE,1011.7,1017.5,0,"2023-10-21 02:32:07"
"Monte hermoson 2",15.4,15.4,87,5.5,4.5,15.4,ENE,1012.4,1018.5,0,"2023-10-21 02:33:02"
"STE - Ciupac",15.3,15.3,88,2.6,2.2,15.3,NNE,1008,1018.2,0,"2023-10-21 02:33:03"
"SCLE - Ciupac",15.4,15.4,87,5.5,4.5,15.4,ENE,1012.4,1018.5,0,"2023-10-21 02:33:04"
"MDA - Ciupac",15,15,87,7.6,6.9,15,NE,1014.1,1017.5,0,"2023-10-21 02:33:05"
"CN - Ciupac",13.5,13.5,91,3.5,2.2,13.5,NNW,1008.7,1018.2,0,"2023-10-21 02:33:06"
"BHI - Ciupac",19.8,19.8,55,10.5,9.2,19.8,NE,1010.7,1009.7,0,"2023-10-21 02:33:07"
"GAVIOTAS - Ciupac",14.4,14.4,89,10.5,8.1,14.4,NE,1011.7,1017.5,0,"2023-10-21 02:33:07"
"Monte hermoson 2",15.4,15.4,87,4.3,3.4,15.4,N,1012.4,1018.2,0,"2023-10-21 02:34:02"
"STE - Ciupac",15.3,15.3,88,2.6,2.2,15.3,NNE,1008,1018.2,0,"2023-10-21 02:34:03"
"SCLE - Ciupac",15.4,15.4,87,4.3,3.4,15.4,N,1012.4,1018.2,0,"2023-10-21 02:34:04"
"MDA - Ciupac",15,15,87,7.6,6.9,15,NE,1014.1,1017.5,0,"2023-10-21 02:34:05"
"CN - Ciupac",13.5,13.5,91,1.8,2.2,13.5,N,1008.7,1018.2,0,"2023-10-21 02:34:06"
"BHI - Ciupac",19.8,19.8,55,9.3,6.9,19.8,ENE,1011.1,1010,0,"2023-10-21 02:34:07"
"GAVIOTAS - Ciupac",14.4,14.4,89,7.2,5.8,14.4,NNE,1012.1,1017.8,0,"2023-10-21 02:34:08"
"Monte hermoson 2",15.4,15.4,87,11.1,8.1,15.4,NNE,1012.4,1018.2,0,"2023-10-21 02:35:02"
"STE - Ciupac",15.3,15.3,88,2.6,2.2,15.3,NNE,1008,1018.2,0,"2023-10-21 02:35:03"
"SCLE - Ciupac",15.4,15.4,87,11.1,8.1,15.4,NNE,1012.4,1018.2,0,"2023-10-21 02:35:04"
"MDA - Ciupac",15,15,87,6.1,5.8,15,NE,1014.1,1017.5,0,"2023-10-21 02:35:05"
"CN - Ciupac",13.5,13.5,91,2.1,2.2,13.5,NNW,1008.7,1018.2,0,"2023-10-21 02:35:06"
"BHI - Ciupac",19.7,19.7,55,9,6.9,19.7,SSE,1010.7,1010,0,"2023-10-21 02:35:07"
"GAVIOTAS - Ciupac",14.4,14.4,89,7.2,6.9,14.4,NNE,1012.1,1017.8,0,"2023-10-21 02:35:08"
"Monte hermoson 2",15.4,15.4,87,7.2,6.9,15.4,NE,1012.1,1018.2,0,"2023-10-21 02:36:02"
"STE - Ciupac",15.3,15.3,88,2.6,2.2,15.3,NNE,1008,1018.2,0,"2023-10-21 02:36:03"
"SCLE - Ciupac",15.4,15.4,87,7.2,6.9,15.4,NE,1012.1,1018.2,0,"2023-10-21 02:36:04"
"MDA - Ciupac",15,15,87,4,3.4,15,NE,1014.1,1017.5,0,"2023-10-21 02:36:05"
"CN - Ciupac",13.5,13.5,91,3.2,3.4,13.5,NNW,1008.7,1018.2,0,"2023-10-21 02:36:06"
"BHI - Ciupac",19.7,19.7,55,15.4,11.4,19.7,NE,1010.7,1010,0,"2023-10-21 02:36:07"
"GAVIOTAS - Ciupac",14.4,14.4,89,10.5,8.1,14.4,NE,1011.7,1017.5,0,"2023-10-21 02:36:08"
"Monte hermoson 2",15.4,15.4,87,8.2,6.9,15.4,E,1012.4,1018.2,0,"2023-10-21 02:37:01"
"STE - Ciupac",15.3,15.3,88,2.6,2.2,15.3,NNE,1008,1018.2,0,"2023-10-21 02:37:02"
"SCLE - Ciupac",15.4,15.4,87,8.2,6.9,15.4,E,1012.4,1018.2,0,"2023-10-21 02:37:03"
"MDA - Ciupac",15,15,87,2.1,2.2,15,NE,1014.4,1017.5,0,"2023-10-21 02:37:04"
"CN - Ciupac",13.5,13.5,91,1.1,1.1,13.5,NW,1008.7,1018.2,0,"2023-10-21 02:37:05"
"BHI - Ciupac",19.7,19.7,55,15.4,11.4,19.7,NE,1010.7,1010,0,"2023-10-21 02:37:06"
"GAVIOTAS - Ciupac",14.4,14.4,89,6.9,5.8,14.4,NE,1011.7,1017.5,0,"2023-10-21 02:37:08"
"Monte hermoson 2",15.4,15.4,87,6.4,5.8,15.4,NNE,1012.4,1018.2,0,"2023-10-21 02:38:01"
"STE - Ciupac",15.2,15.2,88,4.3,4.5,15.2,ESE,1008.4,1018.2,0,"2023-10-21 02:38:02"
"SCLE - Ciupac",15.4,15.4,87,6.4,5.8,15.4,NNE,1012.4,1018.2,0,"2023-10-21 02:38:03"
"MDA - Ciupac",15,15,87,9.3,12.5,15,NE,1014.1,1017.5,0,"2023-10-21 02:38:04"
"CN - Ciupac",13.6,13.6,91,4,4.5,13.6,ENE,1008.7,1018.2,0,"2023-10-21 02:38:05"
"BHI - Ciupac",19.8,19.8,55,9.7,8.1,19.8,NE,1011.1,1010,0,"2023-10-21 02:38:06"
"GAVIOTAS - Ciupac",14.4,14.4,89,6.9,5.8,14.4,NE,1011.7,1017.5,0,"2023-10-21 02:38:07"
"Monte hermoson 2",15.4,15.4,87,6.1,5.8,15.4,NE,1012.4,1018.5,0,"2023-10-21 02:49:03"
"STE - Ciupac",15.2,15.2,88,4.3,6.9,15.2,E,1008,1018.2,0,"2023-10-21 02:49:05"
"SCLE - Ciupac",15.4,15.4,87,6.1,5.8,15.4,NE,1012.4,1018.5,0,"2023-10-21 02:49:06"
"MDA - Ciupac",15,15,87,3.5,4.5,15,NE,1014.1,1017.5,0,"2023-10-21 02:49:07"
"CN - Ciupac",13.5,13.5,91,1.4,1.1,13.5,NW,1008.4,1018.2,0,"2023-10-21 02:49:08"
"BHI - Ciupac",19.6,19.6,56,8.7,6.9,19.6,E,1010.7,1009.7,0,"2023-10-21 02:49:09"
"GAVIOTAS - Ciupac",14.3,14.3,89,7.6,8.1,14.3,NNE,1011.7,1017.5,0,"2023-10-21 02:49:10"
"Monte hermoson 2",15.3,15.3,87,6.9,6.9,15.3,ENE,1012.4,1018.2,0,"2023-10-21 02:50:02"
"STE - Ciupac",15.2,15.2,88,4.3,6.9,15.2,E,1008,1018.2,0,"2023-10-21 02:50:03"
"SCLE - Ciupac",15.3,15.3,87,6.9,6.9,15.3,ENE,1012.4,1018.2,0,"2023-10-21 02:50:04"
"MDA - Ciupac",15,15,87,3.5,4.5,15,NE,1014.1,1017.5,0,"2023-10-21 02:50:05"
"CN - Ciupac",13.5,13.5,91,2.6,3.4,13.5,W,1008.4,1018.2,0,"2023-10-21 02:50:06"
"BHI - Ciupac",19.6,19.6,56,7.6,5.8,19.6,E,1010.7,1010,0,"2023-10-21 02:50:07"
"GAVIOTAS - Ciupac",14.3,14.3,89,7.6,6.9,14.3,ENE,1012.1,1017.8,0,"2023-10-21 02:50:08"
"Monte hermoson 2",15.3,15.3,87,4.7,4.5,15.3,NE,1012.4,1018.2,0,"2023-10-21 02:51:02"
"STE - Ciupac",15.2,15.2,88,4.3,6.9,15.2,E,1008,1018.2,0,"2023-10-21 02:51:03"
"SCLE - Ciupac",15.3,15.3,87,4.7,4.5,15.3,NE,1012.4,1018.2,0,"2023-10-21 02:51:04"
"MDA - Ciupac",15,15,87,1.4,1.1,15,NE,1014.1,1017.5,0,"2023-10-21 02:51:05"
"CN - Ciupac",13.6,13.6,91,3.2,3.4,13.6,N,1008.7,1018.2,0,"2023-10-21 02:51:06"
"BHI - Ciupac",19.6,19.6,56,9,6.9,19.6,NNE,1011.1,1010,0,"2023-10-21 02:51:07"
"GAVIOTAS - Ciupac",14.3,14.3,89,7.9,9.2,14.3,NNE,1012.1,1017.8,0,"2023-10-21 02:51:08"
"Monte hermoson 2",15.3,15.3,88,6.4,5.8,15.3,NNE,1012.4,1018.5,0,"2023-10-21 02:52:02"
"STE - Ciupac",15.2,15.2,88,4.3,6.9,15.2,E,1008,1018.2,0,"2023-10-21 02:52:03"
"SCLE - Ciupac",15.3,15.3,88,6.4,5.8,15.3,NNE,1012.4,1018.5,0,"2023-10-21 02:52:04"
"MDA - Ciupac",15,15,87,5.5,4.5,15,NNE,1014.1,1017.5,0,"2023-10-21 02:52:04"
"CN - Ciupac",13.6,13.6,91,2.9,2.2,13.6,W,1008.4,1017.8,0,"2023-10-21 02:52:05"
"BHI - Ciupac",19.6,19.6,56,6.4,6.9,19.6,ENE,1010.7,1010,0,"2023-10-21 02:52:06"
"GAVIOTAS - Ciupac",14.3,14.3,89,7.9,9.2,14.3,NNE,1012.1,1017.8,0,"2023-10-21 02:52:07"
"Monte hermoson 2",15.3,15.3,88,6.4,5.8,15.3,ENE,1012.8,1018.5,0,"2023-10-21 02:53:02"
"STE - Ciupac",15.2,15.2,88,4.7,4.5,15.2,E,1008.4,1018.5,0,"2023-10-21 02:53:03"
"SCLE - Ciupac",15.3,15.3,88,6.4,5.8,15.3,ENE,1012.8,1018.5,0,"2023-10-21 02:53:04"
"MDA - Ciupac",15,15,87,2.6,2.2,15,E,1014.1,1017.5,0,"2023-10-21 02:53:05"
"CN - Ciupac",13.6,13.6,91,4.3,4.5,13.6,NNW,1008,1017.8,0,"2023-10-21 02:53:07"
"BHI - Ciupac",19.6,19.6,56,7.2,6.9,19.6,ESE,1010.7,1010,0,"2023-10-21 02:53:07"
"GAVIOTAS - Ciupac",14.2,14.2,89,5,5.8,14.2,NNE,1012.1,1017.8,0,"2023-10-21 02:53:08"
"Monte hermoson 2",15.3,15.3,88,4,4.5,15.3,NE,1012.8,1018.5,0,"2023-10-21 02:54:03"
"STE - Ciupac",15.2,15.2,88,4.7,4.5,15.2,E,1008.4,1018.5,0,"2023-10-21 02:54:03"
"SCLE - Ciupac",15.3,15.3,88,4,4.5,15.3,NE,1012.8,1018.5,0,"2023-10-21 02:54:04"
"MDA - Ciupac",15,15,87,6.1,6.9,15,E,1013.8,1017.2,0,"2023-10-21 02:54:05"
"CN - Ciupac",13.5,13.5,91,2.1,2.2,13.5,NNE,1008.4,1018.2,0,"2023-10-21 02:54:06"
"BHI - Ciupac",19.6,19.6,56,6.4,5.8,19.6,ENE,1011.1,1010,0,"2023-10-21 02:54:07"
"GAVIOTAS - Ciupac",14.2,14.2,89,3.2,4.5,14.2,N,1012.1,1017.8,0,"2023-10-21 02:54:08"
"Monte hermoson 2",15.3,15.3,87,6.9,8.1,15.3,ENE,1012.4,1018.5,0,"2023-10-21 02:55:01"
"STE - Ciupac",15.2,15.2,88,4.7,4.5,15.2,E,1008.4,1018.5,0,"2023-10-21 02:55:02"
"SCLE - Ciupac",15.3,15.3,87,6.9,8.1,15.3,ENE,1012.4,1018.5,0,"2023-10-21 02:55:03"
"MDA - Ciupac",15,15,87,4.7,4.5,15,NE,1014.1,1017.5,0,"2023-10-21 02:55:04"
"CN - Ciupac",13.5,13.5,91,2.1,2.2,13.5,N,1008.4,1018.2,0,"2023-10-21 02:55:05"
"BHI - Ciupac",19.6,19.6,56,6.4,5.8,19.6,ENE,1011.1,1010,0,"2023-10-21 02:55:06"
"GAVIOTAS - Ciupac",14.2,14.2,89,10.5,8.1,14.2,NNE,1012.1,1017.8,0,"2023-10-21 02:55:07"
"Monte hermoson 2",15.3,15.3,87,6.9,8.1,15.3,ENE,1012.4,1018.5,0,"2023-10-21 02:56:01"
"STE - Ciupac",15.2,15.2,88,4.7,4.5,15.2,E,1008.4,1018.5,0,"2023-10-21 02:56:02"
"SCLE - Ciupac",15.3,15.3,87,4,4.5,15.3,NE,1012.4,1018.2,0,"2023-10-21 02:56:03"
"MDA - Ciupac",15,15,87,3.5,4.5,15,NE,1014.1,1017.5,0,"2023-10-21 02:56:04"
"CN - Ciupac",13.5,13.5,91,2.1,2.2,13.5,N,1008.4,1018.2,0,"2023-10-21 02:56:05"
"BHI - Ciupac",19.6,19.6,56,6.4,5.8,19.6,E,1010.7,1009.7,0,"2023-10-21 02:56:06"
"GAVIOTAS - Ciupac",14.2,14.2,89,8.2,6.9,14.2,N,1012.1,1017.8,0,"2023-10-21 02:56:07"
"Monte hermoson 2",15.3,15.3,87,4,4.5,15.3,NE,1012.4,1018.2,0,"2023-10-21 02:57:01"
"STE - Ciupac",15.2,15.2,88,4.7,4.5,15.2,E,1008.4,1018.5,0,"2023-10-21 02:57:02"
"SCLE - Ciupac",15.3,15.3,87,4,4.5,15.3,NE,1012.4,1018.2,0,"2023-10-21 02:57:03"
"MDA - Ciupac",14.9,14.9,87,4,3.4,14.9,S,1014.1,1017.5,0,"2023-10-21 02:57:04"
"CN - Ciupac",13.5,13.5,91,2.9,2.2,13.5,NE,1008.4,1017.8,0,"2023-10-21 02:57:05"
"BHI - Ciupac",19.6,19.6,56,5,3.4,19.6,E,1010.7,1009.7,0,"2023-10-21 02:57:06"
"GAVIOTAS - Ciupac",14.2,14.2,89,4.7,3.4,14.2,NE,1012.1,1017.8,0,"2023-10-21 02:57:07"
"Monte hermoson 2",15.3,15.3,88,13.4,11.4,15.3,NE,1012.8,1018.5,0,"2023-10-21 02:58:02"
"STE - Ciupac",15.2,15.2,88,3.5,4.5,15.2,SSW,1008.4,1018.5,0,"2023-10-21 02:58:03"
"SCLE - Ciupac",15.3,15.3,88,13.4,11.4,15.3,NE,1012.8,1018.5,0,"2023-10-21 02:58:04"
"MDA - Ciupac",14.9,14.9,87,2.6,3.4,14.9,N,1014.1,1017.5,0,"2023-10-21 02:58:05"
"CN - Ciupac",13.5,13.5,91,2.1,2.2,13.5,N,1008.4,1017.8,0,"2023-10-21 02:58:07"
"BHI - Ciupac",19.6,19.6,56,5.5,5.8,19.6,ENE,1010.7,1009.7,0,"2023-10-21 02:58:08"
"GAVIOTAS - Ciupac",14.2,14.2,89,7.9,6.9,14.2,N,1011.7,1017.5,0,"2023-10-21 02:58:09"
"Monte hermoson 2",15.3,15.3,87,5.5,10.3,15.3,ENE,1012.8,1018.5,0,"2023-10-21 02:59:02"
"STE - Ciupac",15.2,15.2,88,3.5,4.5,15.2,SSW,1008.4,1018.5,0,"2023-10-21 02:59:03"
"SCLE - Ciupac",15.3,15.3,87,5.5,10.3,15.3,ENE,1012.8,1018.5,0,"2023-10-21 02:59:04"
"MDA - Ciupac",14.9,14.9,87,2.1,2.2,14.9,SW,1014.1,1017.5,0,"2023-10-21 02:59:05"
"CN - Ciupac",13.5,13.5,91,4.3,3.4,13.5,NNW,1008.4,1017.8,0,"2023-10-21 02:59:06"
"BHI - Ciupac",19.6,19.6,56,10.5,8.1,19.6,ENE,1011.1,1010,0,"2023-10-21 02:59:07"
"GAVIOTAS - Ciupac",14.2,14.2,89,7.6,6.9,14.2,NNE,1012.1,1018.2,0,"2023-10-21 02:59:08"
"Monte hermoson 2",15.3,15.3,87,5.5,8.1,15.3,N,1012.4,1018.2,0,"2023-10-21 03:00:02"
"STE - Ciupac",15.2,15.2,88,3.5,4.5,15.2,SSW,1008.4,1018.5,0,"2023-10-21 03:00:03"
"SCLE - Ciupac",15.3,15.3,87,5.5,8.1,15.3,N,1012.4,1018.2,0,"2023-10-21 03:00:04"
"MDA - Ciupac",14.9,14.9,88,4,3.4,14.9,NNE,1014.4,1017.5,0,"2023-10-21 03:00:05"
"CN - Ciupac",13.5,13.5,91,4.7,4.5,13.5,NNW,1008.4,1018.2,0,"2023-10-21 03:00:06"
"BHI - Ciupac",19.6,19.6,56,7.9,6.9,19.6,ENE,1010.7,1009.7,0,"2023-10-21 03:00:07"
"GAVIOTAS - Ciupac",14.2,14.2,89,7.9,5.8,14.2,ENE,1011.7,1017.5,0,"2023-10-21 03:00:08"
"Monte hermoson 2",15.3,15.3,88,5,6.9,15.3,NE,1012.8,1018.8,0,"2023-10-21 03:01:02"
"STE - Ciupac",15.2,15.2,88,3.5,4.5,15.2,SSW,1008.4,1018.5,0,"2023-10-21 03:01:03"
"SCLE - Ciupac",15.3,15.3,88,5,6.9,15.3,NE,1012.8,1018.8,0,"2023-10-21 03:01:04"
"MDA - Ciupac",14.9,14.9,88,6.4,8.1,14.9,ENE,1014.1,1017.5,0,"2023-10-21 03:01:05"
"CN - Ciupac",13.5,13.5,91,4,3.4,13.5,NW,1008.4,1017.8,0,"2023-10-21 03:01:06"
"BHI - Ciupac",19.6,19.6,56,10.1,9.2,19.6,W,1010.7,1009.7,0,"2023-10-21 03:01:07"
"GAVIOTAS - Ciupac",14.2,14.2,89,9.7,8.1,14.2,NE,1012.1,1017.8,0,"2023-10-21 03:01:08"
"Monte hermoson 2",15.3,15.3,87,5.5,4.5,15.3,NE,1012.4,1018.5,0,"2023-10-21 03:02:01"
"STE - Ciupac",15.2,15.2,88,3.5,4.5,15.2,SSW,1008.4,1018.5,0,"2023-10-21 03:02:02"
"SCLE - Ciupac",15.3,15.3,87,5.5,4.5,15.3,NE,1012.4,1018.5,0,"2023-10-21 03:02:03"
"MDA - Ciupac",14.9,14.9,88,6.4,8.1,14.9,ENE,1014.1,1017.5,0,"2023-10-21 03:02:04"
"CN - Ciupac",13.5,13.5,91,2.9,3.4,13.5,WNW,1008.4,1018.2,0,"2023-10-21 03:02:05"
"BHI - Ciupac",19.7,19.7,55,8.2,8.1,19.7,NE,1010.7,1009.7,0,"2023-10-21 03:02:06"
"GAVIOTAS - Ciupac",14.2,14.2,89,9.3,8.1,14.2,NNE,1011.7,1017.5,0,"2023-10-21 03:02:07"
"Monte hermoson 2",15.3,15.3,87,3.5,3.4,15.3,ENE,1013.1,1018.8,0,"2023-10-21 03:03:02"
"STE - Ciupac",15.2,15.2,89,3.5,3.4,15.2,E,1008.4,1018.5,0,"2023-10-21 03:03:03"
"SCLE - Ciupac",15.3,15.3,87,3.5,3.4,15.3,ENE,1013.1,1018.8,0,"2023-10-21 03:03:04"
"MDA - Ciupac",14.9,14.9,87,5.8,6.9,14.9,NE,1014.4,1017.5,0,"2023-10-21 03:03:05"
"CN - Ciupac",13.5,13.5,91,5.8,6.9,13.5,NNW,1008,1017.5,0,"2023-10-21 03:03:06"
"BHI - Ciupac",19.7,19.7,56,8.7,6.9,19.7,E,1010.7,1009.7,0,"2023-10-21 03:03:07"
"GAVIOTAS - Ciupac",14.2,14.2,89,11.9,11.4,14.2,NNW,1012.1,1017.8,0,"2023-10-21 03:03:07"
"Monte hermoson 2",15.3,15.3,88,8.7,8.1,15.3,NE,1012.8,1018.5,0,"2023-10-21 03:04:02"
"STE - Ciupac",15.2,15.2,89,3.5,3.4,15.2,E,1008.4,1018.5,0,"2023-10-21 03:04:03"
"SCLE - Ciupac",15.3,15.3,88,8.7,8.1,15.3,NE,1012.8,1018.5,0,"2023-10-21 03:04:04"
"MDA - Ciupac",15,15,87,4.3,4.5,15,E,1014.1,1017.5,0,"2023-10-21 03:04:05"
"CN - Ciupac",13.5,13.5,91,0.6,1.1,13.5,NNE,1008,1017.5,0,"2023-10-21 03:04:06"
"BHI - Ciupac",19.8,19.8,56,10.8,9.2,19.8,E,1010.7,1010,0,"2023-10-21 03:04:07"
"GAVIOTAS - Ciupac",14.2,14.2,89,11.9,11.4,14.2,NNW,1012.1,1017.8,0,"2023-10-21 03:04:08"
"Monte hermoson 2",15.3,15.3,88,6.1,12.5,15.3,NE,1012.8,1018.5,0,"2023-10-21 03:05:02"
"STE - Ciupac",15.2,15.2,89,3.5,3.4,15.2,E,1008.4,1018.5,0,"2023-10-21 03:05:03"
"SCLE - Ciupac",15.3,15.3,88,6.1,12.5,15.3,NE,1012.8,1018.5,0,"2023-10-21 03:05:04"
"MDA - Ciupac",15,15,87,4.3,3.4,15,NW,1014.1,1017.5,0,"2023-10-21 03:05:05"
"CN - Ciupac",13.5,13.5,91,1.1,1.1,13.5,WNW,1008,1017.5,0,"2023-10-21 03:05:06"
"BHI - Ciupac",19.8,19.8,55,5.8,4.5,19.8,NE,1010.7,1010,0,"2023-10-21 03:05:07"
"GAVIOTAS - Ciupac",14.2,14.2,89,5.8,4.5,14.2,N,1011.7,1017.5,0,"2023-10-21 03:05:08"
"Monte hermoson 2",15.3,15.3,88,8.7,10.3,15.3,ENE,1012.8,1018.5,0,"2023-10-21 03:06:02"
"STE - Ciupac",15.2,15.2,89,3.5,3.4,15.2,E,1008.4,1018.5,0,"2023-10-21 03:06:03"
"SCLE - Ciupac",15.3,15.3,88,8.7,10.3,15.3,ENE,1012.8,1018.5,0,"2023-10-21 03:06:04"
"MDA - Ciupac",15,15,87,2.1,2.2,15,ENE,1014.1,1017.5,0,"2023-10-21 03:06:05"
"CN - Ciupac",13.5,13.5,91,2.9,4.5,13.5,N,1008,1017.5,0,"2023-10-21 03:06:06"
"BHI - Ciupac",19.9,19.9,55,5.5,5.8,19.9,SSW,1011.1,1010,0,"2023-10-21 03:06:07"
"GAVIOTAS - Ciupac",14.2,14.2,89,6.4,4.5,14.2,NNE,1011.7,1017.5,0,"2023-10-21 03:06:08"
"Monte hermoson 2",15.3,15.3,88,7.2,8.1,15.3,E,1012.8,1018.5,0,"2023-10-21 03:07:02"
"STE - Ciupac",15.2,15.2,89,3.5,3.4,15.2,E,1008.4,1018.5,0,"2023-10-21 03:07:03"
"SCLE - Ciupac",15.3,15.3,88,7.2,8.1,15.3,E,1012.8,1018.5,0,"2023-10-21 03:07:04"
"MDA - Ciupac",15,15,88,5.5,3.4,15,NE,1014.1,1017.5,0,"2023-10-21 03:07:05"
"CN - Ciupac",13.5,13.5,91,1.1,1.1,13.5,N,1008,1017.8,0,"2023-10-21 03:07:06"
"BHI - Ciupac",19.9,19.9,55,3.5,3.4,19.9,E,1010.7,1009.7,0,"2023-10-21 03:07:07"
"GAVIOTAS - Ciupac",14.2,14.2,89,1.4,1.1,14.2,NNE,1011.7,1017.5,0,"2023-10-21 03:07:08"
"Monte hermoson 2",15.3,15.3,88,4.3,4.5,15.3,ENE,1012.8,1018.5,0,"2023-10-21 03:08:02"
"STE - Ciupac",15.2,15.2,89,7.2,6.9,15.2,NE,1008.4,1018.5,0,"2023-10-21 03:08:03"
"SCLE - Ciupac",15.3,15.3,88,4.3,4.5,15.3,ENE,1012.8,1018.5,0,"2023-10-21 03:08:04"
"MDA - Ciupac",15,15,88,6.9,5.8,15,NE,1014.1,1017.5,0,"2023-10-21 03:08:05"
"CN - Ciupac",13.5,13.5,91,4.7,4.5,13.5,E,1008,1017.5,0,"2023-10-21 03:08:06"
"BHI - Ciupac",19.9,19.9,55,3.5,3.4,19.9,E,1010.7,1009.7,0,"2023-10-21 03:08:07"
"GAVIOTAS - Ciupac",14.2,14.2,89,11.1,8.1,14.2,NNE,1011.7,1017.5,0,"2023-10-21 03:08:09"
"Monte hermoson 2",15.3,15.3,88,7.6,9.2,15.3,ENE,1012.8,1018.8,0,"2023-10-21 03:09:02"
"STE - Ciupac",15.2,15.2,89,7.2,6.9,15.2,NE,1008.4,1018.5,0,"2023-10-21 03:09:03"
"SCLE - Ciupac",15.3,15.3,88,7.6,9.2,15.3,ENE,1012.8,1018.8,0,"2023-10-21 03:09:04"
"MDA - Ciupac",15,15,88,4,3.4,15,SE,1014.1,1017.5,0,"2023-10-21 03:09:04"
"CN - Ciupac",13.5,13.5,91,1.4,2.2,13.5,N,1007.7,1017.5,0,"2023-10-21 03:09:05"
"BHI - Ciupac",19.9,19.9,55,6.4,5.8,19.9,NE,1010.7,1009.7,0,"2023-10-21 03:09:06"
"GAVIOTAS - Ciupac",14.2,14.2,89,11.9,10.3,14.2,NE,1011.7,1017.5,0,"2023-10-21 03:09:07"
"Monte hermoson 2",15.3,15.3,88,2.1,2.2,15.3,NNE,1012.4,1018.5,0,"2023-10-21 03:10:01"
"STE - Ciupac",15.2,15.2,89,7.2,6.9,15.2,NE,1008.4,1018.5,0,"2023-10-21 03:10:02"
"SCLE - Ciupac",15.3,15.3,88,2.1,2.2,15.3,NNE,1012.4,1018.5,0,"2023-10-21 03:10:03"
"MDA - Ciupac",15,15,88,6.9,6.9,15,ENE,1014.1,1017.5,0,"2023-10-21 03:10:04"
"CN - Ciupac",13.5,13.5,91,2.6,2.2,13.5,NE,1008,1017.5,0,"2023-10-21 03:10:05"
"BHI - Ciupac",19.9,19.9,56,5.5,4.5,19.9,ENE,1010.7,1010,0,"2023-10-21 03:10:06"
"GAVIOTAS - Ciupac",14.2,14.2,89,5.5,4.5,14.2,NE,1011.7,1017.5,0,"2023-10-21 03:10:08"
"Monte hermoson 2",15.3,15.3,88,2.9,2.2,15.3,ENE,1012.4,1018.2,0,"2023-10-21 03:11:02"
"STE - Ciupac",15.2,15.2,89,7.2,6.9,15.2,NE,1008.4,1018.5,0,"2023-10-21 03:11:04"
"SCLE - Ciupac",15.3,15.3,88,2.9,2.2,15.3,ENE,1012.4,1018.2,0,"2023-10-21 03:11:05"
"MDA - Ciupac",15,15,88,2.9,3.4,15,N,1014.1,1017.5,0,"2023-10-21 03:11:06"
"CN - Ciupac",13.5,13.5,91,2.1,3.4,13.5,NNW,1008,1017.5,0,"2023-10-21 03:11:07"
"BHI - Ciupac",19.8,19.8,56,6.1,6.9,19.8,ENE,1010.7,1009.7,0,"2023-10-21 03:11:08"
"GAVIOTAS - Ciupac",14.2,14.2,89,9.3,8.1,14.2,NNE,1011.7,1017.5,0,"2023-10-21 03:11:09"
"Monte hermoson 2",15.3,15.3,88,7.2,9.2,15.3,ENE,1012.4,1018.2,0,"2023-10-21 03:16:02"
"STE - Ciupac",15.2,15.2,89,6.4,6.9,15.2,ENE,1008.4,1018.5,0,"2023-10-21 03:16:03"
"SCLE - Ciupac",15.3,15.3,88,7.2,9.2,15.3,ENE,1012.4,1018.2,0,"2023-10-21 03:16:04"
"MDA - Ciupac",14.9,14.9,88,7.9,6.9,14.9,NE,1014.1,1017.5,0,"2023-10-21 03:16:06"
"CN - Ciupac",13.4,13.4,91,2.1,2.2,13.4,NW,1008,1017.5,0,"2023-10-21 03:16:07"
"BHI - Ciupac",19.7,19.7,56,7.2,5.8,19.7,ENE,1010.7,1010,0,"2023-10-21 03:16:09"
"GAVIOTAS - Ciupac",14.3,14.3,89,9.7,8.1,14.3,N,1011.7,1017.5,0,"2023-10-21 03:16:10"
"Monte hermoson 2",15.3,15.3,88,5.5,5.8,15.3,NE,1012.4,1018.5,0,"2023-10-21 03:17:02"
"STE - Ciupac",15.2,15.2,89,6.4,6.9,15.2,ENE,1008.4,1018.5,0,"2023-10-21 03:17:03"
"SCLE - Ciupac",15.3,15.3,88,5.5,5.8,15.3,NE,1012.4,1018.5,0,"2023-10-21 03:17:04"
"MDA - Ciupac",15,15,88,4,4.5,15,NE,1013.8,1017.2,0,"2023-10-21 03:17:05"
"CN - Ciupac",13.4,13.4,91,2.9,3.4,13.4,SE,1008,1017.5,0,"2023-10-21 03:17:05"
"BHI - Ciupac",19.7,19.7,56,5.5,4.5,19.7,ENE,1011.1,1010,0,"2023-10-21 03:17:06"
"GAVIOTAS - Ciupac",14.3,14.3,89,6.4,4.5,14.3,NE,1011.4,1017.5,0,"2023-10-21 03:17:08"
"Monte hermoson 2",15.3,15.3,88,7.6,8.1,15.3,N,1012.4,1018.5,0,"2023-10-21 03:18:02"
"STE - Ciupac",15.2,15.2,89,6.4,6.9,15.2,ENE,1008.4,1018.5,0,"2023-10-21 03:18:03"
"SCLE - Ciupac",15.3,15.3,88,7.6,8.1,15.3,N,1012.4,1018.5,0,"2023-10-21 03:18:04"
"MDA - Ciupac",15,15,88,4,4.5,15,NE,1013.8,1017.2,0,"2023-10-21 03:18:05"
"CN - Ciupac",13.4,13.4,91,2.1,3.4,13.4,NW,1007.7,1017.5,0,"2023-10-21 03:18:06"
"BHI - Ciupac",19.7,19.7,56,5.8,5.8,19.7,S,1010.7,1010,0,"2023-10-21 03:18:07"
"GAVIOTAS - Ciupac",14.3,14.3,89,6.4,6.9,14.3,NE,1011.7,1017.5,0,"2023-10-21 03:18:08"
"Monte hermoson 2",15.2,15.2,88,7.9,6.9,15.2,ENE,1012.4,1018.2,0,"2023-10-21 03:19:02"
"STE - Ciupac",15.2,15.2,89,4,5.8,15.2,NE,1008.4,1018.5,0,"2023-10-21 03:19:02"
"SCLE - Ciupac",15.2,15.2,88,7.9,6.9,15.2,ENE,1012.4,1018.2,0,"2023-10-21 03:19:04"
"MDA - Ciupac",15,15,88,3.2,4.5,15,ENE,1013.8,1017.2,0,"2023-10-21 03:19:04"
"CN - Ciupac",13.4,13.4,91,4.3,4.5,13.4,NNE,1008,1017.5,0,"2023-10-21 03:19:05"
"BHI - Ciupac",19.7,19.7,56,9.3,8.1,19.7,NNE,1011.1,1010,0,"2023-10-21 03:19:06"
"GAVIOTAS - Ciupac",14.3,14.3,89,7.6,6.9,14.3,ENE,1011.4,1017.5,0,"2023-10-21 03:19:07"
"Monte hermoson 2",15.2,15.2,88,6.9,6.9,15.2,ENE,1012.4,1018.2,0,"2023-10-21 03:20:01"
"STE - Ciupac",15.2,15.2,89,4,5.8,15.2,NE,1008.4,1018.5,0,"2023-10-21 03:20:03"
"SCLE - Ciupac",15.2,15.2,88,6.9,6.9,15.2,ENE,1012.4,1018.2,0,"2023-10-21 03:20:04"
"MDA - Ciupac",14.9,14.9,88,6.1,5.8,14.9,E,1013.8,1017.2,0,"2023-10-21 03:20:04"
"CN - Ciupac",13.4,13.4,91,1.8,1.1,13.4,NNW,1008,1017.5,0,"2023-10-21 03:20:05"
"BHI - Ciupac",19.7,19.7,56,3.2,3.4,19.7,SE,1011.1,1010.4,0,"2023-10-21 03:20:06"
"GAVIOTAS - Ciupac",14.3,14.3,89,2.9,2.2,14.3,NNE,1011.4,1017.2,0,"2023-10-21 03:20:07"
"Monte hermoson 2",15.2,15.2,88,4.3,4.5,15.2,NE,1012.4,1018.2,0,"2023-10-21 03:21:02"
"STE - Ciupac",15.2,15.2,89,4,5.8,15.2,NE,1008.4,1018.5,0,"2023-10-21 03:21:03"
"SCLE - Ciupac",15.2,15.2,88,4.3,4.5,15.2,NE,1012.4,1018.2,0,"2023-10-21 03:21:04"
"MDA - Ciupac",15,15,88,4.3,3.4,15,WNW,1013.8,1017.2,0,"2023-10-21 03:21:05"
"CN - Ciupac",13.4,13.4,91,2.6,2.2,13.4,N,1008,1017.8,0,"2023-10-21 03:21:06"
"BHI - Ciupac",19.7,19.7,56,7.9,6.9,19.7,NE,1011.1,1010,0,"2023-10-21 03:21:07"
"GAVIOTAS - Ciupac",14.3,14.3,89,6.4,4.5,14.3,NE,1011.4,1017.2,0,"2023-10-21 03:21:08"
"Monte hermoson 2",15.3,15.3,88,6.9,8.1,15.3,NE,1012.4,1018.2,0,"2023-10-21 03:22:02"
"STE - Ciupac",15.2,15.2,89,4,5.8,15.2,NE,1008.4,1018.5,0,"2023-10-21 03:22:03"
"SCLE - Ciupac",15.3,15.3,88,6.9,8.1,15.3,NE,1012.4,1018.2,0,"2023-10-21 03:22:04"
"MDA - Ciupac",15,15,88,6.1,4.5,15,WNW,1014.1,1017.5,0,"2023-10-21 03:22:05"
"CN - Ciupac",13.4,13.4,91,0.6,1.1,13.4,SW,1008,1017.8,0,"2023-10-21 03:22:06"
"BHI - Ciupac",19.8,19.8,56,8.7,6.9,19.8,NE,1011.1,1010,0,"2023-10-21 03:22:07"
"GAVIOTAS - Ciupac",14.3,14.3,89,7.9,6.9,14.3,N,1011.4,1017.2,0,"2023-10-21 03:22:08"
"Monte hermoson 2",15.3,15.3,88,6.9,6.9,15.3,ENE,1012.4,1018.2,0,"2023-10-21 03:23:02"
"STE - Ciupac",15.2,15.2,89,4,5.8,15.2,NE,1008.4,1018.5,0,"2023-10-21 03:23:03"
"SCLE - Ciupac",15.3,15.3,88,6.9,6.9,15.3,ENE,1012.4,1018.2,0,"2023-10-21 03:23:03"
"MDA - Ciupac",15,15,88,2.6,2.2,15,NNE,1014.1,1017.5,0,"2023-10-21 03:23:04"
"CN - Ciupac",13.4,13.4,91,2.1,2.2,13.4,NNE,1008,1017.5,0,"2023-10-21 03:23:05"
"BHI - Ciupac",19.8,19.8,56,8.7,6.9,19.8,NE,1011.1,1010,0,"2023-10-21 03:23:06"
"GAVIOTAS - Ciupac",14.3,14.3,89,7.9,6.9,14.3,N,1011.4,1017.2,0,"2023-10-21 03:23:07"
"Monte hermoson 2",15.3,15.3,88,6.9,6.9,15.3,ENE,1012.4,1018.2,0,"2023-10-21 03:24:02"
"STE - Ciupac",15.2,15.2,89,5,4.5,15.2,E,1008.4,1018.5,0,"2023-10-21 03:24:03"
"SCLE - Ciupac",15.3,15.3,88,8.2,9.2,15.3,NE,1012.4,1018.2,0,"2023-10-21 03:24:04"
"MDA - Ciupac",14.9,14.9,88,2.1,2.2,14.9,NE,1014.1,1017.5,0,"2023-10-21 03:24:05"
"CN - Ciupac",13.4,13.4,91,2.1,2.2,13.4,NNE,1008,1017.5,0,"2023-10-21 03:24:06"
"BHI - Ciupac",19.8,19.8,56,10.1,8.1,19.8,NE,1011.1,1010.4,0,"2023-10-21 03:24:07"
"GAVIOTAS - Ciupac",14.3,14.3,89,6.4,4.5,14.3,N,1011.4,1017.2,0,"2023-10-21 03:24:08"
"Monte hermoson 2",15.3,15.3,88,8.2,9.2,15.3,NE,1012.4,1018.2,0,"2023-10-21 03:25:02"
"STE - Ciupac",15.2,15.2,89,5,4.5,15.2,E,1008.4,1018.5,0,"2023-10-21 03:25:03"
"SCLE - Ciupac",15.3,15.3,88,8.2,9.2,15.3,NE,1012.4,1018.2,0,"2023-10-21 03:25:03"
"MDA - Ciupac",14.9,14.9,88,3.5,3.4,14.9,NNE,1014.1,1017.5,0,"2023-10-21 03:25:04"
"CN - Ciupac",13.4,13.4,91,1.4,1.1,13.4,NE,1008.4,1017.8,0,"2023-10-21 03:25:06"
"BHI - Ciupac",19.8,19.8,56,12.2,10.3,19.8,ENE,1011.1,1010,0,"2023-10-21 03:25:07"
"GAVIOTAS - Ciupac",14.3,14.3,89,6.4,6.9,14.3,N,1011.4,1017.2,0,"2023-10-21 03:25:07"
"Monte hermoson 2",15.3,15.3,88,8.7,8.1,15.3,NE,1012.8,1018.5,0,"2023-10-21 03:26:02"
"STE - Ciupac",15.2,15.2,89,5,4.5,15.2,E,1008.4,1018.5,0,"2023-10-21 03:26:03"
"SCLE - Ciupac",15.3,15.3,88,8.7,8.1,15.3,NE,1012.8,1018.5,0,"2023-10-21 03:26:04"
"MDA - Ciupac",14.9,14.9,88,4.7,4.5,14.9,ENE,1014.1,1017.5,0,"2023-10-21 03:26:05"
"CN - Ciupac",13.4,13.4,91,1.4,1.1,13.4,NNE,1008.4,1017.8,0,"2023-10-21 03:26:06"
"BHI - Ciupac",20,20,55,11.1,9.2,20,ENE,1011.1,1010,0,"2023-10-21 03:26:07"
"GAVIOTAS - Ciupac",14.3,14.3,89,5,4.5,14.3,N,1011.4,1017.2,0,"2023-10-21 03:26:08"
"Monte hermoson 2",15.3,15.3,88,6.4,9.2,15.3,NNE,1012.8,1018.5,0,"2023-10-21 03:27:02"
"STE - Ciupac",15.2,15.2,89,5,4.5,15.2,E,1008.4,1018.5,0,"2023-10-21 03:27:03"
"SCLE - Ciupac",15.3,15.3,88,6.4,9.2,15.3,NNE,1012.8,1018.5,0,"2023-10-21 03:27:04"
"MDA - Ciupac",14.9,14.9,88,6.1,4.5,14.9,NNW,1013.8,1017.2,0,"2023-10-21 03:27:05"
"CN - Ciupac",13.4,13.4,91,1.4,3.4,13.4,NNW,1008,1017.5,0,"2023-10-21 03:27:06"
"BHI - Ciupac",20.1,20.1,55,6.4,5.8,20.1,NNE,1011.1,1010.4,0,"2023-10-21 03:27:07"
"GAVIOTAS - Ciupac",14.3,14.3,89,11.1,11.4,14.3,NE,1011.4,1017.2,0,"2023-10-21 03:27:08"
"Monte hermoson 2",15.3,15.3,88,4,4.5,15.3,ENE,1012.4,1018.5,0,"2023-10-21 03:28:02"
"STE - Ciupac",15.2,15.2,89,5,4.5,15.2,E,1008.4,1018.5,0,"2023-10-21 03:28:03"
"SCLE - Ciupac",15.3,15.3,88,4,4.5,15.3,ENE,1012.4,1018.5,0,"2023-10-21 03:28:04"
"MDA - Ciupac",14.9,14.9,88,6.1,6.9,14.9,ENE,1013.8,1017.2,0,"2023-10-21 03:28:05"
"CN - Ciupac",13.4,13.4,91,2.9,2.2,13.4,ESE,1008.4,1017.8,0,"2023-10-21 03:28:06"
"BHI - Ciupac",20.1,20.1,55,7.9,6.9,20.1,NNE,1011.1,1010,0,"2023-10-21 03:28:07"
"GAVIOTAS - Ciupac",14.3,14.3,89,5.5,5.8,14.3,NNE,1011.4,1017.2,0,"2023-10-21 03:28:08"
"Monte hermoson 2",15.3,15.3,88,4,4.5,15.3,NE,1012.4,1018.2,0,"2023-10-21 03:29:02"
"STE - Ciupac",15.2,15.2,89,6.9,5.8,15.2,NNE,1008,1018.2,0,"2023-10-21 03:29:03"
"SCLE - Ciupac",15.3,15.3,88,4,4.5,15.3,NE,1012.4,1018.2,0,"2023-10-21 03:29:04"
"MDA - Ciupac",14.9,14.9,88,4,3.4,14.9,WSW,1013.8,1017.2,0,"2023-10-21 03:29:05"
"CN - Ciupac",13.4,13.4,91,2.1,2.2,13.4,WNW,1008,1017.8,0,"2023-10-21 03:29:06"
"BHI - Ciupac",20.2,20.2,55,8.7,5.8,20.2,NNE,1011.1,1010.4,0,"2023-10-21 03:29:07"
"GAVIOTAS - Ciupac",14.3,14.3,89,2.9,2.2,14.3,N,1011.1,1016.8,0,"2023-10-21 03:29:08"
"Monte hermoson 2",15.3,15.3,88,6.9,6.9,15.3,NE,1012.1,1018.2,0,"2023-10-21 03:30:02"
"STE - Ciupac",15.2,15.2,89,6.9,5.8,15.2,NNE,1008,1018.2,0,"2023-10-21 03:30:03"
"SCLE - Ciupac",15.3,15.3,88,6.9,6.9,15.3,NE,1012.1,1018.2,0,"2023-10-21 03:30:04"
"MDA - Ciupac",14.9,14.9,88,1.8,1.1,14.9,SE,1013.8,1017.2,0,"2023-10-21 03:30:05"
"CN - Ciupac",13.4,13.4,91,3.2,3.4,13.4,NNW,1008,1017.8,0,"2023-10-21 03:30:06"
"BHI - Ciupac",20.1,20.1,55,7.9,5.8,20.1,NNE,1011.1,1010,0,"2023-10-21 03:30:06"
"GAVIOTAS - Ciupac",14.3,14.3,89,5.8,5.8,14.3,NNE,1011.1,1016.8,0,"2023-10-21 03:30:07"
"Monte hermoson 2",15.3,15.3,88,5.8,5.8,15.3,NE,1012.4,1018.2,0,"2023-10-21 03:31:03"
"STE - Ciupac",15.2,15.2,89,6.9,5.8,15.2,NNE,1008,1018.2,0,"2023-10-21 03:31:04"
"SCLE - Ciupac",15.3,15.3,88,5.8,5.8,15.3,NE,1012.4,1018.2,0,"2023-10-21 03:31:05"
"MDA - Ciupac",14.9,14.9,88,1.8,1.1,14.9,SE,1013.8,1017.2,0,"2023-10-21 03:31:06"
"CN - Ciupac",13.4,13.4,91,3.2,3.4,13.4,NW,1008,1017.5,0,"2023-10-21 03:31:07"
"BHI - Ciupac",20.2,20.2,55,11.1,9.2,20.2,NNE,1011.1,1010,0,"2023-10-21 03:31:08"
"GAVIOTAS - Ciupac",14.3,14.3,90,9.7,8.1,14.3,NE,1011.1,1016.8,0,"2023-10-21 03:31:09"
"Monte hermoson 2",15.3,15.3,88,6.4,6.9,15.3,ENE,1012.4,1018.2,0,"2023-10-21 03:32:02"
"STE - Ciupac",15.2,15.2,89,6.9,5.8,15.2,NNE,1008,1018.2,0,"2023-10-21 03:32:03"
"SCLE - Ciupac",15.3,15.3,88,6.4,6.9,15.3,ENE,1012.4,1018.2,0,"2023-10-21 03:32:04"
"MDA - Ciupac",14.9,14.9,88,5.8,4.5,14.9,NNW,1013.8,1017.2,0,"2023-10-21 03:32:05"
"CN - Ciupac",13.4,13.4,91,2.9,3.4,13.4,NNW,1008,1017.5,0,"2023-10-21 03:32:06"
"BHI - Ciupac",20.2,20.2,55,8.2,6.9,20.2,NNE,1011.1,1010,0,"2023-10-21 03:32:07"
"GAVIOTAS - Ciupac",14.3,14.3,90,9.7,8.1,14.3,NE,1011.1,1016.8,0,"2023-10-21 03:32:08"
"Monte hermoson 2",15.3,15.3,88,10.1,8.1,15.3,NE,1012.8,1018.5,0,"2023-10-21 03:33:02"
"STE - Ciupac",15.2,15.2,89,6.9,5.8,15.2,NNE,1008,1018.2,0,"2023-10-21 03:33:03"
"SCLE - Ciupac",15.3,15.3,88,10.1,8.1,15.3,NE,1012.8,1018.5,0,"2023-10-21 03:33:04"
"MDA - Ciupac",14.9,14.9,88,6.4,4.5,14.9,NE,1013.8,1017.2,0,"2023-10-21 03:33:05"
"CN - Ciupac",13.4,13.4,91,1.8,1.1,13.4,NE,1008.4,1017.8,0,"2023-10-21 03:33:06"
"BHI - Ciupac",20.2,20.2,55,8.7,6.9,20.2,NNE,1011.1,1010,0,"2023-10-21 03:33:07"
"GAVIOTAS - Ciupac",14.4,14.4,90,8.2,8.1,14.4,NE,1011.1,1016.8,0,"2023-10-21 03:33:08"
"Monte hermoson 2",15.3,15.3,88,5.5,5.8,15.3,NE,1012.4,1018.2,0,"2023-10-21 03:34:01"
"STE - Ciupac",15.1,15.1,89,3.5,3.4,15.1,ENE,1008,1018.2,0,"2023-10-21 03:34:02"
"SCLE - Ciupac",15.3,15.3,88,5.5,5.8,15.3,NE,1012.4,1018.2,0,"2023-10-21 03:34:03"
"MDA - Ciupac",14.9,14.9,88,3.5,3.4,14.9,NE,1014.1,1017.5,0,"2023-10-21 03:34:03"
"CN - Ciupac",13.4,13.4,91,6.1,4.5,13.4,NE,1008,1017.5,0,"2023-10-21 03:34:05"
"BHI - Ciupac",20.2,20.2,55,4.7,5.8,20.2,WNW,1010.7,1009.7,0,"2023-10-21 03:34:05"
"GAVIOTAS - Ciupac",14.4,14.4,90,10.8,12.5,14.4,NNW,1011.1,1016.8,0,"2023-10-21 03:34:07"
"Monte hermoson 2",15.3,15.3,88,7.9,8.1,15.3,ENE,1012.4,1018.2,0,"2023-10-21 03:35:02"
"STE - Ciupac",15.1,15.1,89,2.6,4.5,15.1,NE,1008,1018.2,0,"2023-10-21 03:35:03"
"SCLE - Ciupac",15.3,15.3,88,7.9,8.1,15.3,ENE,1012.4,1018.2,0,"2023-10-21 03:35:04"
"MDA - Ciupac",14.9,14.9,88,2.1,3.4,14.9,W,1013.8,1017.2,0,"2023-10-21 03:35:05"
"CN - Ciupac",13.4,13.4,91,0.6,1.1,13.4,WNW,1008,1017.8,0,"2023-10-21 03:35:06"
"BHI - Ciupac",20.2,20.2,55,5,4.5,20.2,S,1011.1,1010,0,"2023-10-21 03:35:07"
"GAVIOTAS - Ciupac",14.4,14.4,90,7.2,8.1,14.4,N,1011.1,1016.8,0,"2023-10-21 03:35:08"
"Monte hermoson 2",15.3,15.3,88,8.7,10.3,15.3,ENE,1012.4,1018.2,0,"2023-10-21 03:36:01"
"STE - Ciupac",15.1,15.1,89,2.6,4.5,15.1,NE,1008,1018.2,0,"2023-10-21 03:36:02"
"SCLE - Ciupac",15.3,15.3,88,8.7,10.3,15.3,ENE,1012.4,1018.2,0,"2023-10-21 03:36:03"
"MDA - Ciupac",14.9,14.9,88,6.4,5.8,14.9,SE,1013.4,1016.8,0,"2023-10-21 03:36:04"
"CN - Ciupac",13.4,13.4,91,0.6,1.1,13.4,WNW,1008,1017.8,0,"2023-10-21 03:36:05"
"BHI - Ciupac",20.2,20.2,55,11.9,8.1,20.2,NE,1010.7,1010,0,"2023-10-21 03:36:06"
"GAVIOTAS - Ciupac",14.4,14.4,90,8.2,8.1,14.4,N,1011.1,1017.2,0,"2023-10-21 03:36:07"
"Monte hermoson 2",15.3,15.3,88,5,5.8,15.3,ENE,1012.4,1018.5,0,"2023-10-21 03:37:02"
"STE - Ciupac",15.1,15.1,89,2.6,4.5,15.1,NE,1008,1018.2,0,"2023-10-21 03:37:03"
"SCLE - Ciupac",15.3,15.3,88,5,5.8,15.3,ENE,1012.4,1018.5,0,"2023-10-21 03:37:04"
"MDA - Ciupac",14.9,14.9,88,4,3.4,14.9,NE,1013.8,1017.2,0,"2023-10-21 03:37:05"
"CN - Ciupac",13.4,13.4,91,2.1,2.2,13.4,NW,1008,1017.5,0,"2023-10-21 03:37:06"
"BHI - Ciupac",20.2,20.2,55,11.9,8.1,20.2,NE,1010.7,1010,0,"2023-10-21 03:37:07"
"GAVIOTAS - Ciupac",14.4,14.4,90,8.7,6.9,14.4,NNE,1011.1,1017.2,0,"2023-10-21 03:37:08"
"Monte hermoson 2",15.3,15.3,88,4.3,4.5,15.3,NE,1012.1,1018.2,0,"2023-10-21 04:03:02"
"STE - Ciupac",15.1,15.1,89,7.2,5.8,15.1,ENE,1007.7,1017.8,0,"2023-10-21 04:03:03"
"SCLE - Ciupac",15.3,15.3,88,4.3,4.5,15.3,NE,1012.1,1018.2,0,"2023-10-21 04:03:04"
"MDA - Ciupac",14.8,14.8,89,4.3,3.4,14.8,ENE,1013.4,1016.8,0,"2023-10-21 04:03:05"
"CN - Ciupac",13.4,13.4,91,2.9,3.4,13.4,SW,1008,1017.5,0,"2023-10-21 04:03:06"
"BHI - Ciupac",20.1,20.1,56,8.7,9.2,20.1,ENE,1010.7,1009.7,0,"2023-10-21 04:03:07"
"GAVIOTAS - Ciupac",14.1,14.1,89,5.5,4.5,14.1,NE,1011.4,1017.2,0,"2023-10-21 04:03:08"
"Monte hermoson 2",15.3,15.3,88,5.8,4.5,15.3,NNE,1012.1,1018.2,0,"2023-10-21 04:04:02"
"STE - Ciupac",15.1,15.1,89,7.2,5.8,15.1,ENE,1007.7,1017.8,0,"2023-10-21 04:04:03"
"SCLE - Ciupac",15.3,15.3,88,5.8,4.5,15.3,NNE,1012.1,1018.2,0,"2023-10-21 04:04:04"
"MDA - Ciupac",14.8,14.8,89,4.7,5.8,14.8,ENE,1013.4,1016.8,0,"2023-10-21 04:04:05"
"CN - Ciupac",13.4,13.4,91,2.9,3.4,13.4,SW,1008,1017.5,0,"2023-10-21 04:04:06"
"BHI - Ciupac",20.1,20.1,56,9.7,6.9,20.1,NE,1010.7,1010,0,"2023-10-21 04:04:07"
"GAVIOTAS - Ciupac",14.1,14.1,89,7.9,8.1,14.1,NNE,1011.7,1017.5,0,"2023-10-21 04:04:08"
"Monte hermoson 2",15.3,15.3,88,5.8,4.5,15.3,NNE,1012.1,1018.2,0,"2023-10-21 04:05:02"
"STE - Ciupac",15.1,15.1,89,6.4,8.1,15.1,NE,1007.7,1017.8,0,"2023-10-21 04:05:03"
"SCLE - Ciupac",15.3,15.3,88,5.8,4.5,15.3,NNE,1012.1,1018.2,0,"2023-10-21 04:05:04"
"MDA - Ciupac",14.8,14.8,89,5.5,4.5,14.8,NE,1013.4,1016.8,0,"2023-10-21 04:05:05"
"CN - Ciupac",13.4,13.4,91,1.1,1.1,13.4,N,1008,1017.5,0,"2023-10-21 04:05:06"
"BHI - Ciupac",20.1,20.1,56,7.6,5.8,20.1,N,1010.7,1010,0,"2023-10-21 04:05:07"
"GAVIOTAS - Ciupac",14.1,14.1,89,9,6.9,14.1,NE,1011.4,1017.5,0,"2023-10-21 04:05:08"
"Monte hermoson 2",15.3,15.3,88,7.9,8.1,15.3,ENE,1012.1,1018.2,0,"2023-10-21 04:06:02"
"STE - Ciupac",15.1,15.1,89,6.4,8.1,15.1,NE,1007.7,1017.8,0,"2023-10-21 04:06:03"
"SCLE - Ciupac",15.3,15.3,88,7.9,8.1,15.3,ENE,1012.1,1018.2,0,"2023-10-21 04:06:04"
"MDA - Ciupac",14.8,14.8,89,7.9,8.1,14.8,NE,1013.4,1016.8,0,"2023-10-21 04:06:05"
"CN - Ciupac",13.4,13.4,90,0.3,1.1,13.4,N,1008,1017.8,0,"2023-10-21 04:06:06"
"BHI - Ciupac",20.1,20.1,56,8.2,5.8,20.1,NNW,1010.7,1010,0,"2023-10-21 04:06:07"
"GAVIOTAS - Ciupac",14.1,14.1,89,11.6,10.3,14.1,NE,1011.7,1017.5,0,"2023-10-21 04:06:08"
"Monte hermoson 2",15.3,15.3,88,5.5,5.8,15.3,ENE,1012.4,1018.2,0,"2023-10-21 04:07:02"
"STE - Ciupac",15.1,15.1,89,6.4,8.1,15.1,NE,1007.7,1017.8,0,"2023-10-21 04:07:03"
"SCLE - Ciupac",15.3,15.3,88,5.5,5.8,15.3,ENE,1012.4,1018.2,0,"2023-10-21 04:07:04"
"MDA - Ciupac",14.9,14.9,89,3.5,4.5,14.9,NE,1013.4,1016.8,0,"2023-10-21 04:07:04"
"CN - Ciupac",13.4,13.4,90,1.8,3.4,13.4,NW,1008.4,1017.8,0,"2023-10-21 04:07:05"
"BHI - Ciupac",20.1,20.1,57,8.2,5.8,20.1,NNE,1010.7,1010,0,"2023-10-21 04:07:06"
"GAVIOTAS - Ciupac",14.1,14.1,89,7.9,6.9,14.1,NE,1011.7,1017.5,0,"2023-10-21 04:07:07"
"Monte hermoson 2",15.3,15.3,88,7.6,8.1,15.3,ENE,1012.1,1017.8,0,"2023-10-21 04:08:02"
"STE - Ciupac",15.1,15.1,89,6.4,8.1,15.1,NE,1007.7,1017.8,0,"2023-10-21 04:08:03"
"SCLE - Ciupac",15.3,15.3,88,7.6,8.1,15.3,ENE,1012.1,1017.8,0,"2023-10-21 04:08:04"
"MDA - Ciupac",14.9,14.9,89,4.7,3.4,14.9,NE,1013.4,1016.8,0,"2023-10-21 04:08:06"
"CN - Ciupac",13.4,13.4,90,4.7,4.5,13.4,N,1008,1017.8,0,"2023-10-21 04:08:07"
"BHI - Ciupac",20.1,20.1,57,12.2,11.4,20.1,N,1010.7,1009.7,0,"2023-10-21 04:08:08"
"GAVIOTAS - Ciupac",14.1,14.1,89,6.4,5.8,14.1,NNE,1011.7,1017.5,0,"2023-10-21 04:08:09"
"Monte hermoson 2",15.3,15.3,88,7.6,8.1,15.3,NNE,1012.4,1018.5,0,"2023-10-21 04:09:02"
"STE - Ciupac",15.1,15.1,89,6.4,8.1,15.1,NE,1007.7,1017.8,0,"2023-10-21 04:09:03"
"SCLE - Ciupac",15.3,15.3,88,7.6,8.1,15.3,NNE,1012.4,1018.5,0,"2023-10-21 04:09:04"
"MDA - Ciupac",14.9,14.9,89,8.7,8.1,14.9,NE,1013.8,1017.2,0,"2023-10-21 04:09:05"
"CN - Ciupac",13.4,13.4,90,1.1,1.1,13.4,NW,1008,1017.5,0,"2023-10-21 04:09:06"
"BHI - Ciupac",20.1,20.1,56,11.9,11.4,20.1,N,1011.1,1010.4,0,"2023-10-21 04:09:07"
"GAVIOTAS - Ciupac",14.1,14.1,89,6.4,5.8,14.1,NNE,1011.7,1017.5,0,"2023-10-21 04:09:08"
"Monte hermoson 2",15.3,15.3,88,9,8.1,15.3,ENE,1012.4,1018.2,0,"2023-10-21 04:10:02"
"STE - Ciupac",15.1,15.1,89,12.6,11.4,15.1,NNE,1007.7,1017.8,0,"2023-10-21 04:10:03"
"SCLE - Ciupac",15.3,15.3,88,9,8.1,15.3,ENE,1012.4,1018.2,0,"2023-10-21 04:10:04"
"MDA - Ciupac",14.9,14.9,89,5.8,5.8,14.9,ENE,1013.4,1016.5,0,"2023-10-21 04:10:05"
"CN - Ciupac",13.4,13.4,90,1.1,1.1,13.4,NNW,1008,1017.5,0,"2023-10-21 04:10:06"
"BHI - Ciupac",20.1,20.1,56,8.7,6.9,20.1,NNE,1011.1,1010,0,"2023-10-21 04:10:07"
"GAVIOTAS - Ciupac",14.1,14.1,89,5.5,5.8,14.1,N,1011.7,1017.5,0,"2023-10-21 04:10:09"
"Monte hermoson 2",15.3,15.3,88,8.7,6.9,15.3,ENE,1012.1,1017.8,0,"2023-10-21 04:11:02"
"STE - Ciupac",15.1,15.1,89,12.6,11.4,15.1,NNE,1007.7,1017.8,0,"2023-10-21 04:11:03"
"SCLE - Ciupac",15.3,15.3,88,8.7,6.9,15.3,ENE,1012.1,1017.8,0,"2023-10-21 04:11:04"
"MDA - Ciupac",14.9,14.9,89,4,4.5,14.9,SSE,1013.4,1016.8,0,"2023-10-21 04:11:05"
"CN - Ciupac",13.4,13.4,90,0.3,1.1,13.4,N,1008,1017.5,0,"2023-10-21 04:11:06"
"BHI - Ciupac",20.1,20.1,56,9.3,9.2,20.1,NE,1010.7,1009.7,0,"2023-10-21 04:11:06"
"GAVIOTAS - Ciupac",14.1,14.1,88,4.7,4.5,14.1,NW,1011.7,1017.5,0,"2023-10-21 04:11:08"
"Monte hermoson 2",15.3,15.3,88,3.5,4.5,15.3,NE,1012.4,1018.2,0,"2023-10-21 04:12:01"
"STE - Ciupac",15.1,15.1,89,12.6,11.4,15.1,NNE,1007.7,1017.8,0,"2023-10-21 04:12:02"
"SCLE - Ciupac",15.3,15.3,88,3.5,4.5,15.3,NE,1012.4,1018.2,0,"2023-10-21 04:12:03"
"MDA - Ciupac",14.9,14.9,89,3.5,3.4,14.9,NNE,1013.4,1016.5,0,"2023-10-21 04:12:04"
"CN - Ciupac",13.4,13.4,90,0.3,1.1,13.4,NNW,1008,1017.5,0,"2023-10-21 04:12:05"
"BHI - Ciupac",20.1,20.1,56,9.3,9.2,20.1,NE,1010.7,1009.7,0,"2023-10-21 04:12:06"
"GAVIOTAS - Ciupac",14.1,14.1,88,6.1,4.5,14.1,N,1011.4,1017.2,0,"2023-10-21 04:12:07"
"Monte hermoson 2",15.3,15.3,88,11.1,12.5,15.3,NE,1012.1,1018.2,0,"2023-10-21 04:13:02"
"STE - Ciupac",15.1,15.1,89,12.6,11.4,15.1,NNE,1007.7,1017.8,0,"2023-10-21 04:13:03"
"SCLE - Ciupac",15.3,15.3,88,11.1,12.5,15.3,NE,1012.1,1018.2,0,"2023-10-21 04:13:04"
"MDA - Ciupac",14.9,14.9,89,4,5.8,14.9,NE,1013.4,1016.8,0,"2023-10-21 04:13:05"
"CN - Ciupac",13.4,13.4,90,2.1,2.2,13.4,NW,1008,1017.8,0,"2023-10-21 04:13:06"
"BHI - Ciupac",20.1,20.1,57,7.6,5.8,20.1,N,1011.1,1010,0,"2023-10-21 04:13:06"
"GAVIOTAS - Ciupac",14.1,14.1,88,6.4,5.8,14.1,NNW,1011.7,1017.5,0,"2023-10-21 04:13:07"
"Monte hermoson 2",15.3,15.3,88,6.4,6.9,15.3,ENE,1012.1,1018.2,0,"2023-10-21 04:14:02"
"STE - Ciupac",15.1,15.1,89,12.6,11.4,15.1,NNE,1007.7,1017.8,0,"2023-10-21 04:14:03"
"SCLE - Ciupac",15.3,15.3,88,6.4,6.9,15.3,ENE,1012.1,1018.2,0,"2023-10-21 04:14:04"
"MDA - Ciupac",14.9,14.9,89,4,5.8,14.9,NE,1013.4,1016.8,0,"2023-10-21 04:14:05"
"CN - Ciupac",13.4,13.4,90,2.1,2.2,13.4,NNE,1008,1017.5,0,"2023-10-21 04:14:06"
"BHI - Ciupac",20.1,20.1,57,10.5,8.1,20.1,NNW,1011.1,1010,0,"2023-10-21 04:14:07"
"GAVIOTAS - Ciupac",14.1,14.1,88,8.2,8.1,14.1,NNE,1011.7,1017.5,0,"2023-10-21 04:14:08"
"Monte hermoson 2",15.2,15.2,88,10.5,9.2,15.2,ENE,1012.1,1018.2,0,"2023-10-21 04:15:02"
"STE - Ciupac",15.1,15.1,89,10.5,8.1,15.1,NNE,1007.7,1017.8,0,"2023-10-21 04:15:03"
"SCLE - Ciupac",15.2,15.2,88,10.5,9.2,15.2,ENE,1012.1,1018.2,0,"2023-10-21 04:15:04"
"MDA - Ciupac",14.9,14.9,89,9.7,11.4,14.9,NE,1013.4,1016.8,0,"2023-10-21 04:15:05"
"CN - Ciupac",13.4,13.4,90,3.2,2.2,13.4,NNW,1008,1017.5,0,"2023-10-21 04:15:06"
"BHI - Ciupac",20.1,20.1,57,9.3,6.9,20.1,N,1010.7,1009.7,0,"2023-10-21 04:15:07"
"GAVIOTAS - Ciupac",14.1,14.1,88,5,3.4,14.1,N,1011.7,1017.5,0,"2023-10-21 04:15:08"
"Monte hermoson 2",15.2,15.2,88,8.2,8.1,15.2,NE,1012.1,1018.2,0,"2023-10-21 04:16:01"
"STE - Ciupac",15.1,15.1,89,10.5,8.1,15.1,NNE,1007.7,1017.8,0,"2023-10-21 04:16:02"
"SCLE - Ciupac",15.2,15.2,88,8.2,8.1,15.2,NE,1012.1,1018.2,0,"2023-10-21 04:16:03"
"MDA - Ciupac",14.9,14.9,89,6.1,5.8,14.9,W,1013.4,1016.8,0,"2023-10-21 04:16:04"
"CN - Ciupac",13.4,13.4,90,2.6,2.2,13.4,S,1008,1017.5,0,"2023-10-21 04:16:05"
"BHI - Ciupac",20.1,20.1,57,7.2,6.9,20.1,N,1011.1,1010,0,"2023-10-21 04:16:06"
"GAVIOTAS - Ciupac",14.1,14.1,88,5,3.4,14.1,N,1011.7,1017.5,0,"2023-10-21 04:16:07"
"Monte hermoson 2",15.3,15.3,88,2.1,3.4,15.3,NE,1012.1,1017.8,0,"2023-10-21 04:17:01"
"STE - Ciupac",15.1,15.1,89,10.5,8.1,15.1,NNE,1007.7,1017.8,0,"2023-10-21 04:17:02"
"SCLE - Ciupac",15.3,15.3,88,2.1,3.4,15.3,NE,1012.1,1017.8,0,"2023-10-21 04:17:03"
"MDA - Ciupac",14.9,14.9,89,4,3.4,14.9,SSE,1013.4,1016.8,0,"2023-10-21 04:17:04"
"CN - Ciupac",13.4,13.4,90,0.6,1.1,13.4,N,1008,1017.5,0,"2023-10-21 04:17:05"
"BHI - Ciupac",20.1,20.1,57,7.9,6.9,20.1,N,1010.7,1010,0,"2023-10-21 04:17:06"
"GAVIOTAS - Ciupac",14.1,14.1,88,7.2,8.1,14.1,NE,1011.4,1017.5,0,"2023-10-21 04:17:07"
"Monte hermoson 2",15.3,15.3,88,2.1,3.4,15.3,ENE,1012.4,1018.2,0,"2023-10-21 04:18:02"
"STE - Ciupac",15.1,15.1,89,10.5,8.1,15.1,NNE,1007.7,1017.8,0,"2023-10-21 04:18:03"
"SCLE - Ciupac",15.3,15.3,88,2.1,3.4,15.3,ENE,1012.4,1018.2,0,"2023-10-21 04:18:04"
"MDA - Ciupac",14.9,14.9,89,9,6.9,14.9,E,1013.4,1016.5,0,"2023-10-21 04:18:05"
"CN - Ciupac",13.4,13.4,90,3.5,3.4,13.4,NNW,1008,1017.8,0,"2023-10-21 04:18:05"
"BHI - Ciupac",20,20,57,6.1,4.5,20,E,1011.1,1010,0,"2023-10-21 04:18:06"
"GAVIOTAS - Ciupac",14.1,14.1,88,7.2,5.8,14.1,NE,1011.7,1017.5,0,"2023-10-21 04:18:07"
"Monte hermoson 2",15.3,15.3,88,5,5.8,15.3,NE,1012.1,1017.8,0,"2023-10-21 04:19:02"
"STE - Ciupac",15.1,15.1,89,10.5,8.1,15.1,NNE,1007.7,1017.8,0,"2023-10-21 04:19:03"
"SCLE - Ciupac",15.3,15.3,88,5,5.8,15.3,NE,1012.1,1017.8,0,"2023-10-21 04:19:04"
"MDA - Ciupac",14.9,14.9,89,8.7,6.9,14.9,E,1013.4,1016.8,0,"2023-10-21 04:19:05"
"CN - Ciupac",13.4,13.4,90,3.5,3.4,13.4,NNW,1008,1017.8,0,"2023-10-21 04:19:06"
"BHI - Ciupac",20,20,57,9.3,6.9,20,NNE,1010.7,1009.7,0,"2023-10-21 04:19:07"
"GAVIOTAS - Ciupac",14.1,14.1,88,2.9,2.2,14.1,NNE,1011.4,1017.2,0,"2023-10-21 04:19:08"
"Monte hermoson 2",15.3,15.3,88,5.5,5.8,15.3,NE,1012.1,1017.8,0,"2023-10-21 04:20:02"
"STE - Ciupac",15.1,15.1,89,11.6,9.2,15.1,E,1008,1018.2,0,"2023-10-21 04:20:03"
"SCLE - Ciupac",15.3,15.3,88,5.5,5.8,15.3,NE,1012.1,1017.8,0,"2023-10-21 04:20:04"
"MDA - Ciupac",14.9,14.9,89,6.4,5.8,14.9,N,1013.4,1016.8,0,"2023-10-21 04:20:05"
"CN - Ciupac",13.4,13.4,90,2.1,2.2,13.4,NW,1007.7,1017.5,0,"2023-10-21 04:20:06"
"BHI - Ciupac",20,20,57,11.1,9.2,20,NE,1010.7,1009.7,0,"2023-10-21 04:20:07"
"GAVIOTAS - Ciupac",14.1,14.1,88,3.5,3.4,14.1,ENE,1011.7,1017.5,0,"2023-10-21 04:20:08"
"Monte hermoson 2",15.3,15.3,88,5.5,5.8,15.3,NE,1012.1,1017.8,0,"2023-10-21 04:21:02"
"STE - Ciupac",15.1,15.1,89,11.6,9.2,15.1,E,1008,1018.2,0,"2023-10-21 04:21:03"
"SCLE - Ciupac",15.3,15.3,88,5.5,5.8,15.3,NE,1012.1,1017.8,0,"2023-10-21 04:21:04"
"MDA - Ciupac",14.9,14.9,89,3.2,2.2,14.9,ENE,1013.4,1016.8,0,"2023-10-21 04:21:05"
"CN - Ciupac",13.4,13.4,90,2.9,2.2,13.4,NNE,1008,1017.5,0,"2023-10-21 04:21:06"
"BHI - Ciupac",20,20,57,6.1,4.5,20,N,1010.7,1010,0,"2023-10-21 04:21:07"
"GAVIOTAS - Ciupac",14.1,14.1,88,4.3,3.4,14.1,E,1011.4,1017.2,0,"2023-10-21 04:21:08"
"Monte hermoson 2",15.3,15.3,88,4.3,4.5,15.3,E,1012.1,1018.2,0,"2023-10-21 04:22:02"
"STE - Ciupac",15.1,15.1,89,11.6,9.2,15.1,E,1008,1018.2,0,"2023-10-21 04:22:03"
"SCLE - Ciupac",15.3,15.3,88,4.3,4.5,15.3,E,1012.1,1018.2,0,"2023-10-21 04:22:04"
"MDA - Ciupac",14.8,14.8,89,2.9,3.4,14.8,ENE,1013.8,1017.2,0,"2023-10-21 04:22:05"
"CN - Ciupac",13.4,13.4,90,3.5,2.2,13.4,N,1008,1017.5,0,"2023-10-21 04:22:06"
"BHI - Ciupac",20,20,57,4.3,4.5,20,S,1010.7,1009.7,0,"2023-10-21 04:22:07"
"GAVIOTAS - Ciupac",14,14,88,4.3,3.4,14,N,1011.4,1017.5,0,"2023-10-21 04:22:08"
"Monte hermoson 2",15.3,15.3,88,4.7,5.8,15.3,NNE,1012.1,1017.8,0,"2023-10-21 04:23:02"
"STE - Ciupac",15.1,15.1,89,11.6,9.2,15.1,E,1008,1018.2,0,"2023-10-21 04:23:03"
"SCLE - Ciupac",15.3,15.3,88,4.7,5.8,15.3,NNE,1012.1,1017.8,0,"2023-10-21 04:23:04"
"MDA - Ciupac",14.8,14.8,89,4.7,3.4,14.8,ENE,1013.4,1016.8,0,"2023-10-21 04:23:05"
"CN - Ciupac",13.4,13.4,90,2.6,2.2,13.4,NW,1008,1017.5,0,"2023-10-21 04:23:07"
"BHI - Ciupac",20,20,57,4.7,3.4,20,N,1010.7,1010,0,"2023-10-21 04:23:08"
"GAVIOTAS - Ciupac",14,14,87,4.7,4.5,14,NNE,1011.7,1017.5,0,"2023-10-21 04:23:09"
"Monte hermoson 2",15.3,15.3,88,4.7,4.5,15.3,NE,1012.1,1018.2,0,"2023-10-21 04:24:02"
"STE - Ciupac",15.1,15.1,89,11.6,9.2,15.1,E,1008,1018.2,0,"2023-10-21 04:24:03"
"SCLE - Ciupac",15.3,15.3,88,4.7,4.5,15.3,NE,1012.1,1018.2,0,"2023-10-21 04:24:04"
"MDA - Ciupac",14.9,14.9,89,4.7,4.5,14.9,NE,1013.4,1016.8,0,"2023-10-21 04:24:05"
"CN - Ciupac",13.4,13.4,90,3.5,3.4,13.4,NW,1008,1017.8,0,"2023-10-21 04:24:06"
"BHI - Ciupac",19.9,19.9,57,8.7,6.9,19.9,NE,1010.7,1010,0,"2023-10-21 04:24:07"
"GAVIOTAS - Ciupac",14,14,87,4.7,4.5,14,NE,1011.4,1017.5,0,"2023-10-21 04:24:08"
"Monte hermoson 2",15.2,15.2,88,5.5,4.5,15.2,ESE,1012.1,1017.8,0,"2023-10-21 04:25:02"
"STE - Ciupac",15.1,15.1,89,10.5,11.4,15.1,NE,1007.7,1017.8,0,"2023-10-21 04:25:03"
"SCLE - Ciupac",15.2,15.2,88,5.5,4.5,15.2,ESE,1012.1,1017.8,0,"2023-10-21 04:25:04"
"MDA - Ciupac",14.9,14.9,89,3.5,3.4,14.9,NE,1013.4,1016.5,0,"2023-10-21 04:25:05"
"CN - Ciupac",13.4,13.4,90,1.4,1.1,13.4,ENE,1008,1017.5,0,"2023-10-21 04:25:06"
"BHI - Ciupac",19.9,19.9,57,7.6,5.8,19.9,NE,1010.7,1010,0,"2023-10-21 04:25:07"
"GAVIOTAS - Ciupac",14,14,87,5.5,5.8,14,NE,1011.7,1017.5,0,"2023-10-21 04:25:08"
"Monte hermoson 2",15.2,15.2,88,7.9,6.9,15.2,NE,1012.1,1018.2,0,"2023-10-21 04:26:01"
"STE - Ciupac",15.1,15.1,89,10.5,11.4,15.1,NE,1007.7,1017.8,0,"2023-10-21 04:26:02"
"SCLE - Ciupac",15.2,15.2,88,7.9,6.9,15.2,NE,1012.1,1018.2,0,"2023-10-21 04:26:03"
"MDA - Ciupac",14.9,14.9,89,2.9,2.2,14.9,NE,1013.4,1016.8,0,"2023-10-21 04:26:04"
"CN - Ciupac",13.4,13.4,90,3.2,2.2,13.4,NW,1008,1017.8,0,"2023-10-21 04:26:05"
"BHI - Ciupac",19.9,19.9,57,6.9,4.5,19.9,NE,1010.7,1009.7,0,"2023-10-21 04:26:06"
"GAVIOTAS - Ciupac",14.1,14.1,87,8.2,6.9,14.1,NNE,1011.7,1017.5,0,"2023-10-21 04:26:07"
"Monte hermoson 2",15.2,15.2,88,6.1,5.8,15.2,NE,1012.4,1018.2,0,"2023-10-21 04:27:01"
"STE - Ciupac",15.1,15.1,89,10.5,11.4,15.1,NE,1007.7,1017.8,0,"2023-10-21 04:27:02"
"SCLE - Ciupac",15.2,15.2,88,6.1,5.8,15.2,NE,1012.4,1018.2,0,"2023-10-21 04:27:03"
"MDA - Ciupac",14.8,14.8,89,6.4,5.8,14.8,NE,1013.4,1016.8,0,"2023-10-21 04:27:04"
"CN - Ciupac",13.4,13.4,90,0.3,1.1,13.4,NNE,1008,1017.5,0,"2023-10-21 04:27:05"
"BHI - Ciupac",19.9,19.9,57,6.9,4.5,19.9,NE,1010.7,1009.7,0,"2023-10-21 04:27:06"
"GAVIOTAS - Ciupac",14,14,87,3.5,3.4,14,NW,1011.7,1017.5,0,"2023-10-21 04:27:07"
"Monte hermoson 2",15.3,15.3,88,5.5,6.9,15.3,NE,1012.1,1018.2,0,"2023-10-21 04:28:01"
"STE - Ciupac",15.1,15.1,89,10.5,11.4,15.1,NE,1007.7,1017.8,0,"2023-10-21 04:28:02"
"SCLE - Ciupac",15.3,15.3,88,5.5,6.9,15.3,NE,1012.1,1018.2,0,"2023-10-21 04:28:03"
"MDA - Ciupac",14.8,14.8,89,8.7,6.9,14.8,NNE,1013.8,1017.2,0,"2023-10-21 04:28:04"
"CN - Ciupac",13.4,13.4,90,1.8,2.2,13.4,NW,1008,1017.5,0,"2023-10-21 04:28:05"
"BHI - Ciupac",19.9,19.9,58,3.5,3.4,19.9,SSE,1010.7,1010,0,"2023-10-21 04:28:06"
"GAVIOTAS - Ciupac",14.1,14.1,87,4.7,6.9,14.1,NNE,1011.7,1017.5,0,"2023-10-21 04:28:07"
"Monte hermoson 2",15.3,15.3,88,4.7,4.5,15.3,ENE,1012.1,1017.8,0,"2023-10-21 04:29:01"
"STE - Ciupac",15.1,15.1,89,10.5,11.4,15.1,NE,1007.7,1017.8,0,"2023-10-21 04:29:02"
"SCLE - Ciupac",15.3,15.3,88,4.7,4.5,15.3,ENE,1012.1,1017.8,0,"2023-10-21 04:29:03"
"MDA - Ciupac",14.8,14.8,89,8.7,6.9,14.8,NNE,1013.8,1017.2,0,"2023-10-21 04:29:04"
"CN - Ciupac",13.3,13.3,90,1.8,3.4,13.3,WNW,1008.4,1017.8,0,"2023-10-21 04:29:05"
"BHI - Ciupac",19.9,19.9,58,7.2,5.8,19.9,NNE,1011.1,1010,0,"2023-10-21 04:29:06"
"GAVIOTAS - Ciupac",14.1,14.1,87,4.7,6.9,14.1,NNE,1011.7,1017.5,0,"2023-10-21 04:29:07"
"Monte hermoson 2",15.2,15.2,88,4.3,3.4,15.2,NE,1012.1,1018.2,0,"2023-10-21 04:30:01"
"STE - Ciupac",15.1,15.1,89,6.4,8.1,15.1,NE,1008,1018.2,0,"2023-10-21 04:30:02"
"SCLE - Ciupac",15.2,15.2,88,4.3,3.4,15.2,NE,1012.1,1018.2,0,"2023-10-21 04:30:03"
"MDA - Ciupac",14.9,14.9,89,5.5,5.8,14.9,E,1013.8,1017.2,0,"2023-10-21 04:30:04"
"CN - Ciupac",13.4,13.4,90,2.1,3.4,13.4,NNW,1008.4,1017.8,0,"2023-10-21 04:30:05"
"BHI - Ciupac",19.9,19.9,58,6.1,4.5,19.9,NNW,1011.1,1010,0,"2023-10-21 04:30:06"
"GAVIOTAS - Ciupac",14,14,87,2.1,2.2,14,NNW,1011.4,1017.5,0,"2023-10-21 04:30:07"
"Monte hermoson 2",15.2,15.2,88,2.9,3.4,15.2,E,1012.4,1018.2,0,"2023-10-21 04:31:01"
"STE - Ciupac",15.1,15.1,89,6.4,8.1,15.1,NE,1008,1018.2,0,"2023-10-21 04:31:02"
"SCLE - Ciupac",15.2,15.2,88,2.9,3.4,15.2,E,1012.4,1018.2,0,"2023-10-21 04:31:03"
"MDA - Ciupac",14.8,14.8,89,5.5,5.8,14.8,NNE,1013.4,1016.8,0,"2023-10-21 04:31:04"
"CN - Ciupac",13.4,13.4,90,1.1,1.1,13.4,N,1008.4,1017.8,0,"2023-10-21 04:31:05"
"BHI - Ciupac",19.9,19.9,58,7.2,6.9,19.9,ENE,1011.1,1010,0,"2023-10-21 04:31:06"
"GAVIOTAS - Ciupac",14,14,87,4.7,3.4,14,N,1011.7,1017.5,0,"2023-10-21 04:31:07"
"Monte hermoson 2",15.4,15.4,88,4.3,3.4,15.4,NE,1013.4,1019.2,0,"2023-10-21 06:39:03"
"STE - Ciupac",15.4,15.4,89,11.1,11.4,15.4,ENE,1009,1019.2,0,"2023-10-21 06:39:04"
"SCLE - Ciupac",15.4,15.4,88,4.3,3.4,15.4,NE,1013.4,1019.2,0,"2023-10-21 06:39:05"
"MDA - Ciupac",15.1,15.1,89,1.4,2.2,15.1,ENE,1014.8,1018.2,0,"2023-10-21 06:39:06"
"CN - Ciupac",13.6,13.6,91,0,0.0,13.6,NNE,1009,1018.5,0,"2023-10-21 06:39:07"
"BHI - Ciupac",20.2,20.2,62,7.9,5.8,20.2,N,1011.7,1010.7,0,"2023-10-21 06:39:08"
"GAVIOTAS - Ciupac",15.1,15.1,81,2.1,2.2,15.1,N,1012.4,1018.2,0,"2023-10-21 06:39:08"
"Monte hermoson 2",15.4,15.4,89,4,4.5,15.4,NE,1013.1,1019.2,0,"2023-10-21 06:40:02"
"STE - Ciupac",15.4,15.4,89,11.1,11.4,15.4,ENE,1009,1019.2,0,"2023-10-21 06:40:03"
"SCLE - Ciupac",15.4,15.4,89,4,4.5,15.4,NE,1013.1,1019.2,0,"2023-10-21 06:40:04"
"MDA - Ciupac",15.1,15.1,89,4.7,4.5,15.1,NE,1014.4,1017.8,0,"2023-10-21 06:40:05"
"CN - Ciupac",13.6,13.6,91,1.1,2.2,13.6,W,1009,1018.5,0,"2023-10-21 06:40:06"
"BHI - Ciupac",20.2,20.2,62,2.9,2.2,20.2,W,1011.7,1011.1,0,"2023-10-21 06:40:07"
"GAVIOTAS - Ciupac",15.2,15.2,81,5.8,5.8,15.2,N,1012.4,1018.2,0,"2023-10-21 06:40:08"
"Monte hermoson 2",15.4,15.4,89,4,4.5,15.4,NE,1013.1,1019.2,0,"2023-10-21 06:41:01"
"STE - Ciupac",15.4,15.4,89,11.1,11.4,15.4,ENE,1009,1019.2,0,"2023-10-21 06:41:02"
"SCLE - Ciupac",15.4,15.4,89,4,4.5,15.4,NE,1013.1,1019.2,0,"2023-10-21 06:41:03"
"MDA - Ciupac",15.2,15.2,89,5,4.5,15.2,NE,1014.8,1018.2,0,"2023-10-21 06:41:04"
"CN - Ciupac",13.6,13.6,91,2.9,3.4,13.6,ENE,1009,1018.8,0,"2023-10-21 06:41:05"
"BHI - Ciupac",20.2,20.2,62,2.1,2.2,20.2,W,1011.7,1011.1,0,"2023-10-21 06:41:06"
"GAVIOTAS - Ciupac",15.2,15.2,81,5.8,5.8,15.2,N,1012.4,1018.2,0,"2023-10-21 06:41:07"
"Monte hermoson 2",15.4,15.4,88,9,8.1,15.4,ENE,1013.4,1019.2,0,"2023-10-21 06:42:02"
"STE - Ciupac",15.5,15.5,89,7.9,9.2,15.5,NE,1009,1019.2,0,"2023-10-21 06:42:03"
"SCLE - Ciupac",15.4,15.4,88,9,8.1,15.4,ENE,1013.4,1019.2,0,"2023-10-21 06:42:04"
"MDA - Ciupac",15.2,15.2,89,6.1,4.5,15.2,NE,1014.8,1018.2,0,"2023-10-21 06:42:05"
"CN - Ciupac",13.6,13.6,91,0.3,1.1,13.6,NW,1009,1018.8,0,"2023-10-21 06:42:06"
"BHI - Ciupac",20.1,20.1,62,4,4.5,20.1,WNW,1011.7,1010.7,0,"2023-10-21 06:42:07"
"GAVIOTAS - Ciupac",15.2,15.2,81,8.7,10.3,15.2,N,1012.4,1018.2,0,"2023-10-21 06:42:08"
"Monte hermoson 2",15.4,15.4,88,10.8,11.4,15.4,NE,1013.1,1018.8,0,"2023-10-21 06:43:02"
"STE - Ciupac",15.5,15.5,89,7.9,9.2,15.5,NE,1009,1019.2,0,"2023-10-21 06:43:03"
"SCLE - Ciupac",15.4,15.4,88,10.8,11.4,15.4,NE,1013.1,1018.8,0,"2023-10-21 06:43:04"
"MDA - Ciupac",15.2,15.2,89,1.1,1.1,15.2,ESE,1014.4,1017.8,0,"2023-10-21 06:43:05"
"CN - Ciupac",13.6,13.6,91,2.1,3.4,13.6,NE,1009,1018.5,0,"2023-10-21 06:43:06"
"BHI - Ciupac",20.1,20.1,62,3.5,3.4,20.1,N,1012.1,1011.1,0,"2023-10-21 06:43:07"
"GAVIOTAS - Ciupac",15.3,15.3,81,2.6,2.2,15.3,NNE,1012.4,1018.2,0,"2023-10-21 06:43:08"
"Monte hermoson 2",15.4,15.4,88,7.2,6.9,15.4,ENE,1013.4,1019.5,0,"2023-10-21 06:44:02"
"STE - Ciupac",15.5,15.5,89,7.9,9.2,15.5,NE,1009,1019.2,0,"2023-10-21 06:44:03"
"SCLE - Ciupac",15.4,15.4,88,7.2,6.9,15.4,ENE,1013.4,1019.5,0,"2023-10-21 06:44:04"
"MDA - Ciupac",15.2,15.2,89,3.2,3.4,15.2,E,1014.8,1018.2,0,"2023-10-21 06:44:05"
"CN - Ciupac",13.7,13.7,91,2.1,2.2,13.7,NE,1009,1018.8,0,"2023-10-21 06:44:05"
"BHI - Ciupac",20.1,20.1,62,7.2,5.8,20.1,N,1012.1,1011.1,0,"2023-10-21 06:44:06"
"GAVIOTAS - Ciupac",15.3,15.3,80,2.9,3.4,15.3,N,1012.4,1018.2,0,"2023-10-21 06:44:07"
"Monte hermoson 2",15.4,15.4,88,6.9,6.9,15.4,NE,1013.1,1019.2,0,"2023-10-21 06:45:02"
"STE - Ciupac",15.5,15.5,89,7.9,9.2,15.5,NE,1009,1019.2,0,"2023-10-21 06:45:03"
"SCLE - Ciupac",15.4,15.4,88,6.9,6.9,15.4,NE,1013.1,1019.2,0,"2023-10-21 06:45:04"
"MDA - Ciupac",15.3,15.3,89,2.9,3.4,15.3,SE,1014.4,1017.8,0,"2023-10-21 06:45:05"
"CN - Ciupac",13.7,13.7,91,2.1,2.2,13.7,NE,1009,1018.5,0,"2023-10-21 06:45:06"
"BHI - Ciupac",20.1,20.1,62,5,4.5,20.1,S,1012.1,1011.1,0,"2023-10-21 06:45:07"
"GAVIOTAS - Ciupac",15.4,15.4,80,1.4,2.2,15.4,NNW,1012.1,1018.2,0,"2023-10-21 06:45:08"
"Monte hermoson 2",15.4,15.4,88,5.5,5.8,15.4,NE,1013.4,1019.2,0,"2023-10-21 06:46:02"
"STE - Ciupac",15.5,15.5,89,7.9,9.2,15.5,NE,1009,1019.2,0,"2023-10-21 06:46:03"
"SCLE - Ciupac",15.4,15.4,88,5.5,5.8,15.4,NE,1013.4,1019.2,0,"2023-10-21 06:46:04"
"MDA - Ciupac",15.3,15.3,89,2.9,3.4,15.3,SE,1014.4,1017.8,0,"2023-10-21 06:46:05"
"CN - Ciupac",13.7,13.7,91,4.7,4.5,13.7,NW,1009,1018.5,0,"2023-10-21 06:46:06"
"BHI - Ciupac",20.1,20.1,62,10.5,9.2,20.1,N,1012.1,1011.4,0,"2023-10-21 06:46:07"
"GAVIOTAS - Ciupac",15.4,15.4,80,3.5,2.2,15.4,NNE,1012.4,1018.2,0,"2023-10-21 06:46:08"
"Monte hermoson 2",15.5,15.5,88,9.7,9.2,15.5,NNE,1013.1,1019.2,0,"2023-10-21 06:47:02"
"STE - Ciupac",15.5,15.5,89,6.1,5.8,15.5,NE,1009,1019.2,0,"2023-10-21 06:47:03"
"SCLE - Ciupac",15.5,15.5,88,9.7,9.2,15.5,NNE,1013.1,1019.2,0,"2023-10-21 06:47:04"
"MDA - Ciupac",15.3,15.3,89,6.4,6.9,15.3,NNW,1014.4,1017.8,0,"2023-10-21 06:47:05"
"CN - Ciupac",13.7,13.7,91,1.4,1.1,13.7,NNE,1009,1018.5,0,"2023-10-21 06:47:06"
"BHI - Ciupac",20,20,62,5,3.4,20,NNW,1012.1,1011.4,0,"2023-10-21 06:47:07"
"GAVIOTAS - Ciupac",15.4,15.4,80,7.9,6.9,15.4,NNE,1012.4,1018.2,0,"2023-10-21 06:47:08"
"Monte hermoson 2",15.5,15.5,89,3.2,3.4,15.5,ENE,1013.4,1019.2,0,"2023-10-21 06:48:02"
"STE - Ciupac",15.5,15.5,89,6.1,5.8,15.5,NE,1009,1019.2,0,"2023-10-21 06:48:03"
"SCLE - Ciupac",15.5,15.5,89,3.2,3.4,15.5,ENE,1013.4,1019.2,0,"2023-10-21 06:48:04"
"MDA - Ciupac",15.3,15.3,89,6.4,6.9,15.3,NNW,1014.4,1017.8,0,"2023-10-21 06:48:05"
"CN - Ciupac",13.7,13.7,91,1.4,1.1,13.7,NNE,1009,1018.5,0,"2023-10-21 06:48:06"
"BHI - Ciupac",20,20,62,5,3.4,20,NNW,1012.1,1011.4,0,"2023-10-21 06:48:07"
"GAVIOTAS - Ciupac",15.4,15.4,80,4.7,5.8,15.4,NE,1012.8,1018.5,0,"2023-10-21 06:48:08"
"Monte hermoson 2",15.5,15.5,88,4,3.4,15.5,NE,1013.4,1019.2,0,"2023-10-21 06:49:02"
"STE - Ciupac",15.5,15.5,89,6.1,5.8,15.5,NE,1009,1019.2,0,"2023-10-21 06:49:03"
"SCLE - Ciupac",15.5,15.5,88,4,3.4,15.5,NE,1013.4,1019.2,0,"2023-10-21 06:49:04"
"MDA - Ciupac",15.3,15.3,89,8.7,6.9,15.3,NE,1014.4,1017.8,0,"2023-10-21 06:49:05"
"CN - Ciupac",13.8,13.8,91,0.6,1.1,13.8,NE,1009,1018.5,0,"2023-10-21 06:49:06"
"BHI - Ciupac",20,20,62,7.2,5.8,20,N,1012.1,1011.1,0,"2023-10-21 06:49:07"
"GAVIOTAS - Ciupac",15.4,15.4,80,4.7,5.8,15.4,NE,1012.8,1018.5,0,"2023-10-21 06:49:08"
"Monte hermoson 2",15.5,15.5,88,7.9,8.1,15.5,NE,1013.4,1019.2,0,"2023-10-21 06:50:02"
"STE - Ciupac",15.5,15.5,89,6.1,5.8,15.5,NE,1009,1019.2,0,"2023-10-21 06:50:03"
"SCLE - Ciupac",15.5,15.5,88,7.9,8.1,15.5,NE,1013.4,1019.2,0,"2023-10-21 06:50:04"
"MDA - Ciupac",15.3,15.3,88,4,3.4,15.3,NE,1014.8,1018.2,0,"2023-10-21 06:50:05"
"CN - Ciupac",13.8,13.8,91,3.5,3.4,13.8,NE,1009,1018.5,0,"2023-10-21 06:50:06"
"BHI - Ciupac",20,20,63,5.5,4.5,20,N,1012.1,1011.1,0,"2023-10-21 06:50:07"
"GAVIOTAS - Ciupac",15.5,15.5,80,7.6,5.8,15.5,N,1012.4,1018.2,0,"2023-10-21 06:50:08"
"Monte hermoson 2",15.5,15.5,88,5.5,4.5,15.5,ENE,1013.4,1019.2,0,"2023-10-21 06:51:02"
"STE - Ciupac",15.5,15.5,89,6.1,5.8,15.5,NE,1009,1019.2,0,"2023-10-21 06:51:04"
"SCLE - Ciupac",15.5,15.5,88,5.5,4.5,15.5,ENE,1013.4,1019.2,0,"2023-10-21 06:51:05"
"MDA - Ciupac",15.3,15.3,88,2.6,2.2,15.3,NE,1014.8,1018.2,0,"2023-10-21 06:51:06"
"CN - Ciupac",13.8,13.8,91,2.9,2.2,13.8,NE,1008.7,1018.5,0,"2023-10-21 06:51:07"
"BHI - Ciupac",20,20,63,4,3.4,20,NNW,1012.1,1011.1,0,"2023-10-21 06:51:08"
"GAVIOTAS - Ciupac",15.5,15.5,80,4.7,3.4,15.5,NE,1012.4,1018.2,0,"2023-10-21 06:51:09"
"Monte hermoson 2",15.5,15.5,88,9.3,9.2,15.5,NE,1013.4,1019.2,0,"2023-10-21 06:52:03"
"STE - Ciupac",15.6,15.6,88,9.3,9.2,15.6,NE,1009,1019.2,0,"2023-10-21 06:52:04"
"SCLE - Ciupac",15.5,15.5,88,9.3,9.2,15.5,NE,1013.4,1019.2,0,"2023-10-21 06:52:05"
"MDA - Ciupac",15.4,15.4,88,6.4,5.8,15.4,ENE,1014.8,1018.2,0,"2023-10-21 06:52:06"
"CN - Ciupac",13.9,13.9,91,1.8,2.2,13.9,NE,1008.7,1018.5,0,"2023-10-21 06:52:07"
"BHI - Ciupac",20,20,63,5,4.5,20,W,1012.4,1011.4,0,"2023-10-21 06:52:08"
"GAVIOTAS - Ciupac",15.6,15.6,79,10.5,8.1,15.6,NNE,1012.4,1018.2,0,"2023-10-21 06:52:09"
"Monte hermoson 2",15.5,15.5,88,9.3,9.2,15.5,NE,1013.4,1019.2,0,"2023-10-21 06:53:02"
"STE - Ciupac",15.6,15.6,88,9.3,9.2,15.6,NE,1009,1019.2,0,"2023-10-21 06:53:03"
"SCLE - Ciupac",15.5,15.5,88,9.3,9.2,15.5,NE,1013.4,1019.2,0,"2023-10-21 06:53:04"
"MDA - Ciupac",15.4,15.4,88,2.9,2.2,15.4,ENE,1014.8,1018.2,0,"2023-10-21 06:53:05"
"CN - Ciupac",13.9,13.9,91,1.8,1.1,13.9,NE,1008.7,1018.2,0,"2023-10-21 06:53:06"
"BHI - Ciupac",20,20,63,5,3.4,20,WSW,1012.1,1011.4,0,"2023-10-21 06:53:07"
"GAVIOTAS - Ciupac",15.6,15.6,79,9.7,8.1,15.6,N,1012.4,1018.2,0,"2023-10-21 06:53:08"
"Monte hermoson 2",15.5,15.5,89,4,3.4,15.5,NE,1013.4,1019.2,0,"2023-10-21 06:54:02"
"STE - Ciupac",15.6,15.6,88,9.3,9.2,15.6,NE,1009,1019.2,0,"2023-10-21 06:54:03"
"SCLE - Ciupac",15.5,15.5,89,4,3.4,15.5,NE,1013.4,1019.2,0,"2023-10-21 06:54:04"
"MDA - Ciupac",15.4,15.4,88,8.7,6.9,15.4,N,1014.4,1017.8,0,"2023-10-21 06:54:05"
"CN - Ciupac",13.9,13.9,91,2.9,2.2,13.9,SSE,1009,1018.5,0,"2023-10-21 06:54:06"
"BHI - Ciupac",20,20,63,5.5,4.5,20,NNW,1012.4,1011.4,0,"2023-10-21 06:54:07"
"GAVIOTAS - Ciupac",15.6,15.6,79,6.4,8.1,15.6,NNE,1012.8,1018.5,0,"2023-10-21 06:54:08"
"Monte hermoson 2",15.5,15.5,88,7.6,8.1,15.5,NE,1013.1,1018.8,0,"2023-10-21 06:55:02"
"STE - Ciupac",15.6,15.6,88,9.3,9.2,15.6,NE,1009,1019.2,0,"2023-10-21 06:55:03"
"SCLE - Ciupac",15.5,15.5,88,7.6,8.1,15.5,NE,1013.1,1018.8,0,"2023-10-21 06:55:04"
"MDA - Ciupac",15.4,15.4,88,4,3.4,15.4,NE,1014.4,1017.8,0,"2023-10-21 06:55:05"
"CN - Ciupac",13.9,13.9,91,5.5,5.8,13.9,NE,1009,1018.5,0,"2023-10-21 06:55:06"
"BHI - Ciupac",20,20,63,6.1,4.5,20,NNW,1012.1,1011.1,0,"2023-10-21 06:55:07"
"GAVIOTAS - Ciupac",15.7,15.7,79,5.8,4.5,15.7,NE,1012.4,1018.2,0,"2023-10-21 06:55:08"
"Monte hermoson 2",15.5,15.5,89,1.8,1.1,15.5,NE,1013.4,1019.2,0,"2023-10-21 06:56:03"
"STE - Ciupac",15.6,15.6,88,9.3,9.2,15.6,NE,1009,1019.2,0,"2023-10-21 06:56:04"
"SCLE - Ciupac",15.5,15.5,89,1.8,1.1,15.5,NE,1013.4,1019.2,0,"2023-10-21 06:56:04"
"MDA - Ciupac",15.4,15.4,88,3.2,3.4,15.4,S,1014.4,1017.8,0,"2023-10-21 06:56:05"
"CN - Ciupac",13.9,13.9,91,1.4,1.1,13.9,N,1009,1018.5,0,"2023-10-21 06:56:06"
"BHI - Ciupac",20,20,63,10.1,6.9,20,W,1012.1,1011.4,0,"2023-10-21 06:56:07"
"GAVIOTAS - Ciupac",15.7,15.7,79,8.7,8.1,15.7,N,1012.4,1018.2,0,"2023-10-21 06:56:08"
"Monte hermoson 2",15.6,15.6,88,11.9,12.5,15.6,E,1013.4,1019.2,0,"2023-10-21 06:57:02"
"STE - Ciupac",15.6,15.6,88,9.3,9.2,15.6,NE,1009,1019.2,0,"2023-10-21 06:57:03"
"SCLE - Ciupac",15.6,15.6,88,11.9,12.5,15.6,E,1013.4,1019.2,0,"2023-10-21 06:57:04"
"MDA - Ciupac",15.5,15.5,88,4.7,4.5,15.5,NE,1014.4,1017.8,0,"2023-10-21 06:57:05"
"CN - Ciupac",13.9,13.9,91,2.9,3.4,13.9,ENE,1008.7,1018.2,0,"2023-10-21 06:57:06"
"BHI - Ciupac",20,20,63,6.4,4.5,20,WNW,1012.1,1011.4,0,"2023-10-21 06:57:07"
"GAVIOTAS - Ciupac",15.7,15.7,79,8.7,8.1,15.7,N,1012.4,1018.2,0,"2023-10-21 06:57:08"
"Monte hermoson 2",15.6,15.6,88,9.7,11.4,15.6,NE,1013.4,1019.2,0,"2023-10-21 06:58:02"
"STE - Ciupac",15.6,15.6,88,9.3,8.1,15.6,NE,1009,1018.8,0,"2023-10-21 06:58:03"
"SCLE - Ciupac",15.6,15.6,88,9.7,11.4,15.6,NE,1013.4,1019.2,0,"2023-10-21 06:58:04"
"MDA - Ciupac",15.5,15.5,88,6.9,9.2,15.5,NE,1014.4,1017.8,0,"2023-10-21 06:58:05"
"CN - Ciupac",13.9,13.9,91,0.3,1.1,13.9,N,1009,1018.5,0,"2023-10-21 06:58:06"
"BHI - Ciupac",20,20,63,5.5,4.5,20,NNW,1012.1,1011.4,0,"2023-10-21 06:58:07"
"GAVIOTAS - Ciupac",15.8,15.8,79,8.2,9.2,15.8,N,1012.4,1018.2,0,"2023-10-21 06:58:08"
"Monte hermoson 2",15.6,15.6,89,6.1,5.8,15.6,NE,1013.4,1019.2,0,"2023-10-21 06:59:01"
"STE - Ciupac",15.6,15.6,88,9.3,8.1,15.6,NE,1009,1018.8,0,"2023-10-21 06:59:02"
"SCLE - Ciupac",15.6,15.6,89,6.1,5.8,15.6,NE,1013.4,1019.2,0,"2023-10-21 06:59:03"
"MDA - Ciupac",15.5,15.5,88,4.7,4.5,15.5,ESE,1014.4,1017.8,0,"2023-10-21 06:59:04"
"CN - Ciupac",14,14,91,3.5,3.4,14,NE,1009,1018.5,0,"2023-10-21 06:59:05"
"BHI - Ciupac",20,20,63,3.5,3.4,20,NNW,1012.1,1011.1,0,"2023-10-21 06:59:06"
"GAVIOTAS - Ciupac",15.8,15.8,79,3.5,4.5,15.8,S,1012.4,1018.2,0,"2023-10-21 06:59:07"
"Monte hermoson 2",15.6,15.6,89,5.5,5.8,15.6,E,1013.4,1019.2,0,"2023-10-21 07:00:04"
"STE - Ciupac",15.6,15.6,88,9.3,8.1,15.6,NE,1009,1018.8,0,"2023-10-21 07:00:05"
"SCLE - Ciupac",15.6,15.6,89,5.5,5.8,15.6,E,1013.4,1019.2,0,"2023-10-21 07:00:06"
"MDA - Ciupac",15.5,15.5,88,4,3.4,15.5,SE,1014.4,1017.8,0,"2023-10-21 07:00:07"
"CN - Ciupac",14,14,91,2.9,3.4,14,NE,1008.7,1018.5,0,"2023-10-21 07:00:08"
"BHI - Ciupac",20,20,63,5.5,4.5,20,N,1012.4,1011.4,0,"2023-10-21 07:00:09"
"GAVIOTAS - Ciupac",15.9,15.9,79,2.6,2.2,15.9,NE,1012.4,1018.2,0,"2023-10-21 07:00:10"
"Monte hermoson 2",15.6,15.6,89,5.5,6.9,15.6,NNE,1013.4,1019.2,0,"2023-10-21 07:01:02"
"STE - Ciupac",15.6,15.6,88,9.3,8.1,15.6,NE,1009,1018.8,0,"2023-10-21 07:01:03"
"SCLE - Ciupac",15.6,15.6,89,5.5,6.9,15.6,NNE,1013.4,1019.2,0,"2023-10-21 07:01:04"
"MDA - Ciupac",15.5,15.5,87,5.5,4.5,15.5,NE,1014.8,1018.2,0,"2023-10-21 07:01:05"
"CN - Ciupac",14,14,91,2.1,2.2,14,NNE,1008.7,1018.5,0,"2023-10-21 07:01:06"
"BHI - Ciupac",20,20,63,4.3,4.5,20,NW,1012.4,1011.4,0,"2023-10-21 07:01:07"
"GAVIOTAS - Ciupac",15.9,15.9,79,3.2,3.4,15.9,NNW,1012.4,1018.2,0,"2023-10-21 07:01:07"
"Monte hermoson 2",15.6,15.6,89,4.7,6.9,15.6,ENE,1013.4,1019.2,0,"2023-10-21 07:02:02"
"STE - Ciupac",15.6,15.6,88,9.3,8.1,15.6,NE,1009,1018.8,0,"2023-10-21 07:02:03"
"SCLE - Ciupac",15.6,15.6,89,4.7,6.9,15.6,ENE,1013.4,1019.2,0,"2023-10-21 07:02:04"
"MDA - Ciupac",15.5,15.5,87,5.5,4.5,15.5,NE,1014.8,1018.2,0,"2023-10-21 07:02:05"
"CN - Ciupac",14,14,91,3.5,2.2,14,ENE,1008.7,1018.5,0,"2023-10-21 07:02:06"
"BHI - Ciupac",20,20,63,4.7,5.8,20,NNW,1012.1,1011.1,0,"2023-10-21 07:02:07"
"GAVIOTAS - Ciupac",15.9,15.9,79,2.1,2.2,15.9,NNE,1012.4,1018.2,0,"2023-10-21 07:02:08"
"Monte hermoson 2",15.6,15.6,89,9.3,8.1,15.6,ENE,1013.4,1019.2,0,"2023-10-21 07:03:02"
"STE - Ciupac",15.7,15.7,88,8.7,6.9,15.7,N,1008.7,1018.8,0,"2023-10-21 07:03:03"
"SCLE - Ciupac",15.6,15.6,89,9.3,8.1,15.6,ENE,1013.4,1019.2,0,"2023-10-21 07:03:04"
"MDA - Ciupac",15.6,15.6,87,5.8,4.5,15.6,NNE,1014.4,1017.8,0,"2023-10-21 07:03:05"
"CN - Ciupac",14,14,91,1.8,1.1,14,NNW,1009,1018.5,0,"2023-10-21 07:03:06"
"BHI - Ciupac",20.1,20.1,63,5,4.5,20.1,ENE,1012.1,1011.4,0,"2023-10-21 07:03:07"
"GAVIOTAS - Ciupac",15.9,15.9,79,2.1,2.2,15.9,NNE,1012.4,1018.2,0,"2023-10-21 07:03:08"
"Monte hermoson 2",15.6,15.6,88,6.9,6.9,15.6,E,1013.4,1019.2,0,"2023-10-21 07:04:02"
"STE - Ciupac",15.7,15.7,88,8.7,6.9,15.7,N,1008.7,1018.8,0,"2023-10-21 07:04:03"
"SCLE - Ciupac",15.6,15.6,88,6.9,6.9,15.6,E,1013.4,1019.2,0,"2023-10-21 07:04:05"
"MDA - Ciupac",15.6,15.6,87,6.9,5.8,15.6,NE,1014.4,1017.8,0,"2023-10-21 07:04:06"
"CN - Ciupac",14,14,91,1.8,1.1,14,NNW,1009,1018.5,0,"2023-10-21 07:04:07"
"BHI - Ciupac",20.1,20.1,63,5,4.5,20.1,ENE,1012.1,1011.4,0,"2023-10-21 07:04:07"
"GAVIOTAS - Ciupac",16,16,79,4.7,4.5,16,NW,1012.8,1018.5,0,"2023-10-21 07:04:08"
"Monte hermoson 2",18.8,18.8,80,6.1,6.9,18.8,NE,1010.4,1016.1,5,"2023-10-21 14:48:04"
"STE - Ciupac",17.3,17.3,84,8.7,9.2,17.3,ENE,1006,1016.1,5,"2023-10-21 14:48:05"
"SCLE - Ciupac",18.8,18.8,80,6.1,6.9,18.8,NE,1010.4,1016.1,5,"2023-10-21 14:48:06"
"MDA - Ciupac",18.2,18.2,80,1.1,1.1,18.2,WSW,1012.1,1015.1,5,"2023-10-21 14:48:08"
"CN - Ciupac",16.5,16.5,86,9.3,9.2,16.5,NE,1005.6,1015.5,3,"2023-10-21 14:48:09"
"BHI - Ciupac",27,27.4,50,3.5,3.4,27,SSW,1009.4,1008.7,1,"2023-10-21 14:48:10"
"GAVIOTAS - Ciupac",17.9,17.9,81,11.9,11.4,17.9,E,1009.4,1015.1,5,"2023-10-21 14:48:11"
"Monte hermoson 2",18.8,18.8,81,6.4,8.1,18.8,NE,1010.4,1016.1,5,"2023-10-21 14:49:03"
"STE - Ciupac",17.3,17.3,84,8.7,9.2,17.3,ENE,1006,1016.1,5,"2023-10-21 14:49:04"
"SCLE - Ciupac",18.8,18.8,81,6.4,8.1,18.8,NE,1010.4,1016.1,5,"2023-10-21 14:49:05"
"MDA - Ciupac",18.3,18.3,78,6.4,8.1,18.3,NNE,1011.7,1015.1,5,"2023-10-21 14:49:06"
"CN - Ciupac",16.5,16.5,86,9.3,9.2,16.5,NE,1005.6,1015.5,3,"2023-10-21 14:49:06"
"BHI - Ciupac",27,27.3,49,6.9,6.9,27,SE,1009.7,1008.7,1,"2023-10-21 14:49:08"
"GAVIOTAS - Ciupac",17.9,17.9,81,11.9,11.4,17.9,E,1009.4,1015.1,5,"2023-10-21 14:49:09"
"Monte hermoson 2",18.8,18.8,80,4.7,4.5,18.8,SE,1010,1016.1,5,"2023-10-21 14:50:03"
"STE - Ciupac",17.3,17.3,85,5,5.8,17.3,NE,1005.6,1015.5,6,"2023-10-21 14:50:04"
"SCLE - Ciupac",18.8,18.8,80,4.7,4.5,18.8,SE,1010,1016.1,5,"2023-10-21 14:50:05"
"MDA - Ciupac",18.4,18.4,79,8.7,9.2,18.4,ESE,1012.1,1015.1,5,"2023-10-21 14:50:06"
"CN - Ciupac",16.5,16.5,86,10.1,10.3,16.5,NE,1005.6,1015.5,3,"2023-10-21 14:50:07"
"BHI - Ciupac",27,27.3,49,9.7,6.9,27,SE,1009.7,1008.7,1,"2023-10-21 14:50:08"
"GAVIOTAS - Ciupac",17.9,17.9,81,13.7,11.4,17.9,NE,1009.4,1015.5,5,"2023-10-21 14:50:09"
"Monte hermoson 2",18.8,18.8,80,6.9,6.9,18.8,ENE,1009.7,1015.8,5,"2023-10-21 14:51:02"
"STE - Ciupac",17.3,17.3,85,5,5.8,17.3,NE,1005.6,1015.5,6,"2023-10-21 14:51:03"
"SCLE - Ciupac",18.8,18.8,80,6.9,6.9,18.8,ENE,1009.7,1015.8,5,"2023-10-21 14:51:04"
"MDA - Ciupac",18.2,18.2,80,9.3,8.1,18.2,ESE,1012.1,1015.5,5,"2023-10-21 14:51:05"
"CN - Ciupac",16.5,16.5,86,10.5,9.2,16.5,ENE,1005.6,1015.5,3,"2023-10-21 14:51:06"
"BHI - Ciupac",26.9,27.3,49,8.2,6.9,26.9,ESE,1009.4,1008.7,1,"2023-10-21 14:51:07"
"GAVIOTAS - Ciupac",17.9,17.9,80,19.1,15.9,17.9,ENE,1009.4,1015.5,5,"2023-10-21 14:51:08"
